Date,Open,High,Low,Close,Volume,Ex-Dividend,Split Ratio,Adj. Open,Adj. High,Adj. Low,Adj. Close,Adj. Volume
2013-03-04,11.27,11.45,11.22,11.41,116436000.0,0.0,1.0,11.0968111723,11.2740450686,11.0475795344,11.2346597583,116436000.0
2013-03-05,11.56,11.71,11.53,11.55,135869700.0,0.0,1.0,11.3823546718,11.5300495854,11.3528156891,11.3725083443,135869700.0
2013-03-06,11.77,12.02,11.76,11.92,182557500.0,0.0,1.0,11.5891275508,11.8352857401,11.5792812233,11.7368224644,182557500.0
2013-03-07,12.0,12.28,11.98,12.26,212403800.0,0.0,1.0,11.815593085,12.0912902569,11.7959004298,12.0715976018,212403800.0
2013-03-08,12.42,12.44,12.02,12.07,209777100.0,0.0,1.0,12.2291388429,12.2488314981,11.8352857401,11.884517378,209777100.0
2013-03-11,12.08,12.22,12.02,12.15,106427800.0,0.0,1.0,11.8943637055,12.0322122915,11.8352857401,11.9632879985,106427800.0
2013-03-12,12.11,12.18,11.91,12.01,128134700.0,0.0,1.0,11.9239026882,11.9928269812,11.7269761368,11.8254394125,128134700.0
2013-03-13,12.04,12.11,11.98,12.06,86216800.0,0.0,1.0,11.8549783952,11.9239026882,11.7959004298,11.8746710504,86216800.0
2013-03-14,12.12,12.19,12.1,12.11,115440000.0,0.0,1.0,11.9337490158,12.0026733088,11.9140563607,11.9239026882,115440000.0
2013-03-15,12.52,12.66,12.35,12.57,319019100.0,0.0,1.0,12.3276021186,12.4654507046,12.1602145499,12.3768337565,319019100.0
2013-03-18,12.29,12.68,12.26,12.56,189783300.0,0.0,1.0,12.1011365845,12.4851433598,12.0715976018,12.3669874289,189783300.0
2013-03-19,12.79,12.94,12.59,12.71,242939600.0,0.0,1.0,12.5934529631,12.7411478766,12.3965264116,12.5146823425,242939600.0
2013-03-20,12.79,12.89,12.71,12.78,219121700.0,0.0,1.0,12.5934529631,12.6919162388,12.5146823425,12.5836066355,219121700.0
2013-03-21,12.71,12.84,12.55,12.57,154529400.0,0.0,1.0,12.5146823425,12.6426846009,12.3571411014,12.3768337565,154529400.0
2013-03-22,12.62,12.67,12.48,12.56,101974400.0,0.0,1.0,12.4260653943,12.4752970322,12.2882168084,12.3669874289,101974400.0
2013-03-25,12.68,12.72,12.32,12.4,154320200.0,0.0,1.0,12.4851433598,12.5245286701,12.1306755672,12.2094461878,154320200.0
2013-03-26,12.45,12.5,12.15,12.28,135654700.0,0.0,1.0,12.2586778256,12.3079094635,11.9632879985,12.0912902569,135654700.0
2013-03-27,12.14,12.28,12.12,12.23,107177200.0,0.0,1.0,11.953441671,12.0912902569,11.9337490158,12.0420586191,107177200.0
2013-03-28,12.24,12.28,12.11,12.18,92013900.0,0.0,1.0,12.0519049467,12.0912902569,11.9239026882,11.9928269812,92013900.0
2013-04-01,12.15,12.28,12.1,12.15,86281600.0,0.0,1.0,11.9632879985,12.0912902569,11.9140563607,11.9632879985,86281600.0
2013-04-02,12.24,12.25,12.14,12.15,102626000.0,0.0,1.0,12.0519049467,12.0617512742,11.953441671,11.9632879985,102626000.0
2013-04-03,12.12,12.14,11.72,11.81,199765800.0,0.0,1.0,11.9337490158,11.953441671,11.539895913,11.6285128611,199765800.0
2013-04-04,11.81,11.99,11.72,11.94,117831400.0,0.0,1.0,11.6285128611,11.8057467574,11.539895913,11.7565151195,117831400.0
2013-04-05,11.67,12.01,11.64,11.97,141061900.0,0.0,1.0,11.4906642751,11.8254394125,11.4611252924,11.7860541022,141061900.0
2013-04-08,12.0,12.21,11.91,12.21,101419200.0,0.0,1.0,11.815593085,12.0223659639,11.7269761368,12.0223659639,101419200.0
2013-04-09,12.25,12.35,12.21,12.25,132365800.0,0.0,1.0,12.0617512742,12.1602145499,12.0223659639,12.0617512742,132365800.0
2013-04-10,12.31,12.4,12.26,12.32,105853900.0,0.0,1.0,12.1208292397,12.2094461878,12.0715976018,12.1306755672,105853900.0
2013-04-11,12.31,12.33,12.16,12.27,100241900.0,0.0,1.0,12.1208292397,12.1405218948,11.9731343261,12.0814439294,100241900.0
2013-04-12,12.15,12.25,12.07,12.17,88191700.0,0.0,1.0,11.9632879985,12.0617512742,11.884517378,11.9829806537,88191700.0
2013-04-15,12.19,12.32,11.97,11.98,176504300.0,0.0,1.0,12.0026733088,12.1306755672,11.7860541022,11.7959004298,176504300.0
2013-04-16,12.21,12.36,12.08,12.28,147641900.0,0.0,1.0,12.0223659639,12.1700608775,11.8943637055,12.0912902569,147641900.0
2013-04-17,11.91,12.02,11.45,11.7,335408600.0,0.0,1.0,11.7269761368,11.8352857401,11.2740450686,11.5202032578,335408600.0
2013-04-18,11.61,11.65,11.23,11.44,220290500.0,0.0,1.0,11.4315863097,11.47097162,11.057425862,11.264198741,220290500.0
2013-04-19,11.56,11.69,11.43,11.66,119792000.0,0.0,1.0,11.3823546718,11.5103569303,11.2543524134,11.4808179476,119792000.0
2013-04-22,11.68,11.75,11.57,11.72,88532300.0,0.0,1.0,11.5005106027,11.5694348957,11.3922009994,11.539895913,88532300.0
2013-04-23,11.92,12.16,11.9,12.07,176816000.0,0.0,1.0,11.7368224644,11.9731343261,11.7171298093,11.884517378,176816000.0
2013-04-24,12.14,12.37,12.12,12.31,120624900.0,0.0,1.0,11.953441671,12.1799072051,11.9337490158,12.1208292397,120624900.0
2013-04-25,12.39,12.54,12.36,12.44,118694600.0,0.0,1.0,12.1995998602,12.3472947738,12.1700608775,12.2488314981,118694600.0
2013-04-26,12.34,12.46,12.29,12.42,83093200.0,0.0,1.0,12.1503682224,12.2685241532,12.1011365845,12.2291388429,83093200.0
2013-04-29,12.45,12.48,12.37,12.38,65432400.0,0.0,1.0,12.2586778256,12.2882168084,12.1799072051,12.1897535327,65432400.0
2013-04-30,12.39,12.4,12.2,12.31,89362100.0,0.0,1.0,12.1995998602,12.2094461878,12.0125196364,12.1208292397,89362100.0
2013-05-01,12.2,12.27,12.08,12.14,88417800.0,0.0,1.0,12.0125196364,12.0814439294,11.8943637055,11.953441671,88417800.0
2013-05-02,12.17,12.21,12.05,12.19,76530500.0,0.0,1.0,11.9829806537,12.0223659639,11.8648247228,12.0026733088,76530500.0
2013-05-03,12.36,12.41,12.21,12.24,94322600.0,0.0,1.0,12.1700608775,12.2192925154,12.0223659639,12.0519049467,94322600.0
2013-05-06,12.39,12.89,12.36,12.88,265062800.0,0.0,1.0,12.1995998602,12.6919162388,12.1700608775,12.6820699112,265062800.0
2013-05-07,12.92,13.11,12.76,12.9,218248100.0,0.0,1.0,12.7214552215,12.9085354453,12.5639139803,12.7017625663,218248100.0
2013-05-08,12.85,13.18,12.84,13.02,149755400.0,0.0,1.0,12.6525309285,12.9774597383,12.6426846009,12.8199184972,149755400.0
2013-05-09,13.05,13.06,12.87,12.91,112952300.0,0.0,1.0,12.8494574799,12.8593038075,12.6722235836,12.7116088939,112952300.0
2013-05-10,12.94,13.04,12.89,13.02,87625100.0,0.0,1.0,12.7411478766,12.8396111523,12.6919162388,12.8199184972,87625100.0
2013-05-13,12.98,13.1,12.95,12.98,94295600.0,0.0,1.0,12.7805331869,12.8986891177,12.7509942042,12.7805331869,94295600.0
2013-05-14,13.04,13.36,13.02,13.34,154128100.0,0.0,1.0,12.8396111523,13.1546936346,12.8199184972,13.1350009794,154128100.0
2013-05-15,13.29,13.55,13.29,13.44,139728300.0,0.0,1.0,13.0857693416,13.3417738584,13.0857693416,13.2334642552,139728300.0
2013-05-16,13.41,13.55,13.32,13.36,117977000.0,0.0,1.0,13.2039252724,13.3417738584,13.1153083243,13.1546936346,117977000.0
2013-05-17,13.5,13.52,13.39,13.43,107335600.0,0.0,1.0,13.2925422206,13.3122348757,13.1842326173,13.2236179276,107335600.0
2013-05-20,13.39,13.6,13.39,13.51,88941700.0,0.0,1.0,13.1842326173,13.3910054963,13.1842326173,13.3023885482,88941700.0
2013-05-21,13.53,13.56,13.36,13.44,111810300.0,0.0,1.0,13.3220812033,13.351620186,13.1546936346,13.2334642552,111810300.0
2013-05-22,13.49,13.73,13.17,13.31,174531500.0,0.0,1.0,13.282695893,13.5190077547,12.9676134107,13.1054619967,174531500.0
2013-05-23,12.93,13.42,12.82,13.21,190522000.0,0.0,1.0,12.731301549,13.2137716,12.6229919458,13.006998721,190522000.0
2013-05-24,13.17,13.26,13.12,13.24,83452600.0,0.0,1.0,12.9676134107,13.0562303589,12.9183817729,13.0365377037,83452600.0
2013-05-28,13.49,13.51,13.31,13.35,133553000.0,0.0,1.0,13.282695893,13.3023885482,13.1054619967,13.144847307,133553000.0
2013-05-29,13.31,13.56,13.27,13.48,126397300.0,0.0,1.0,13.1054619967,13.351620186,13.0660766865,13.2728495654,126397300.0
2013-05-30,13.5,13.93,13.43,13.83,153383400.0,0.0,1.0,13.2925422206,13.7159343061,13.2236179276,13.6174710304,153383400.0
2013-05-31,13.91,13.99,13.65,13.66,160176100.0,0.0,1.0,13.696241651,13.7750122715,13.4402371341,13.4500834617,160176100.0
2013-06-03,13.69,13.73,13.21,13.55,197168200.0,0.0,1.0,13.4796224444,13.5190077547,13.006998721,13.3417738584,197168200.0
2013-06-04,13.51,13.67,13.31,13.36,130055400.0,0.0,1.0,13.3023885482,13.4599297893,13.1054619967,13.1546936346,130055400.0
2013-06-05,13.29,13.45,12.97,13.09,185778900.0,0.01,1.0,13.0957661096,13.2534277031,12.7804429226,12.8986891177,185778900.0
2013-06-06,13.08,13.24,12.85,13.2,142361900.0,0.0,1.0,12.8888352682,13.0464968616,12.6621967275,13.0070814633,142361900.0
2013-06-07,13.33,13.39,13.15,13.38,121057300.0,0.0,1.0,13.135181508,13.1943046055,12.9578122153,13.184450756,121057300.0
2013-06-10,13.49,13.55,13.26,13.3,104648500.0,0.0,1.0,13.2928431015,13.351966199,13.0662045608,13.1056199592,104648500.0
2013-06-11,13.11,13.28,13.07,13.12,106369100.0,0.0,1.0,12.9183968169,13.08591226,12.8789814186,12.9282506665,106369100.0
2013-06-12,13.24,13.25,12.97,13.06,117289400.0,0.0,1.0,13.0464968616,13.0563507112,12.7804429226,12.869127569,117289400.0
2013-06-13,13.0,13.26,12.97,13.21,103636400.0,0.0,1.0,12.8100044714,13.0662045608,12.7804429226,13.0169353129,103636400.0
2013-06-14,13.23,13.24,13.03,13.07,101380700.0,0.0,1.0,13.0366430121,13.0464968616,12.8395660202,12.8789814186,101380700.0
2013-06-17,13.17,13.26,13.13,13.21,115441500.0,0.0,1.0,12.9775199145,13.0662045608,12.9381045161,13.0169353129,115441500.0
2013-06-18,13.22,13.34,13.2,13.27,67257600.0,0.0,1.0,13.0267891625,13.1450353576,13.0070814633,13.0760584104,67257600.0
2013-06-19,13.29,13.4,13.17,13.19,103850000.0,0.0,1.0,13.0957661096,13.2041584551,12.9775199145,12.9972276137,103850000.0
2013-06-20,13.08,13.14,12.8,12.89,185741100.0,0.0,1.0,12.8888352682,12.9479583657,12.6129274795,12.7016121259,185741100.0
2013-06-21,12.99,13.0,12.39,12.69,196004700.0,0.0,1.0,12.8001506218,12.8100044714,12.2089196462,12.504535134,196004700.0
2013-06-24,12.4,12.45,12.13,12.3,159762500.0,0.0,1.0,12.2187734958,12.2680427438,11.9527195568,12.1202349999,159762500.0
2013-06-25,12.61,12.77,12.43,12.67,132844500.0,0.0,1.0,12.4257043373,12.5833659308,12.2483350446,12.4848274348,132844500.0
2013-06-26,12.84,12.85,12.68,12.76,105282000.0,0.0,1.0,12.6523428779,12.6621967275,12.4946812844,12.5735120812,105282000.0
2013-06-27,12.84,13.03,12.78,13.01,124616300.0,0.0,1.0,12.6523428779,12.8395660202,12.5932197804,12.819858321,124616300.0
2013-06-28,12.97,13.0,12.84,12.86,90297100.0,0.0,1.0,12.7804429226,12.8100044714,12.6523428779,12.6720505771,90297100.0
2013-07-01,12.95,13.1,12.92,12.93,83146300.0,0.0,1.0,12.7607352234,12.9085429673,12.7311736747,12.7410275243,83146300.0
2013-07-02,12.95,13.1,12.8,12.9,83708600.0,0.0,1.0,12.7607352234,12.9085429673,12.6129274795,12.7114659755,83708600.0
2013-07-03,12.82,12.84,12.73,12.83,37971700.0,0.0,1.0,12.6326351787,12.6523428779,12.5439505324,12.6424890283,37971700.0
2013-07-05,12.99,13.08,12.91,13.06,80758500.0,0.0,1.0,12.8001506218,12.8888352682,12.7213198251,12.869127569,80758500.0
2013-07-08,13.11,13.37,13.08,13.28,107441200.0,0.0,1.0,12.9183968169,13.1745969064,12.8888352682,13.08591226,107441200.0
2013-07-09,13.37,13.53,13.25,13.53,106067300.0,0.0,1.0,13.1745969064,13.3322584999,13.0563507112,13.3322584999,106067300.0
2013-07-10,13.51,13.53,13.31,13.37,104353400.0,0.0,1.0,13.3125508007,13.3322584999,13.1154738088,13.1745969064,104353400.0
2013-07-11,13.54,13.58,13.33,13.51,93756500.0,0.0,1.0,13.3421123494,13.3815277478,13.135181508,13.3125508007,93756500.0
2013-07-12,13.54,13.8,13.47,13.78,123958400.0,0.0,1.0,13.3421123494,13.5983124389,13.2731354023,13.5786047397,123958400.0
2013-07-15,13.93,13.94,13.76,13.88,90765200.0,0.0,1.0,13.7264124836,13.7362663332,13.5588970405,13.6771432356,90765200.0
2013-07-16,13.93,14.02,13.77,13.92,146041900.0,0.0,1.0,13.7264124836,13.8150971299,13.5687508901,13.716558634,146041900.0
2013-07-17,14.06,14.44,14.04,14.31,249674500.0,0.0,1.0,13.8545125283,14.2289588129,13.8348048291,14.1008587681,249674500.0
2013-07-18,14.4,14.85,14.4,14.76,221796400.0,0.0,1.0,14.1895434145,14.6329666462,14.1895434145,14.5442819998,221796400.0
2013-07-19,14.76,14.76,14.6,14.75,136196600.0,0.0,1.0,14.5442819998,14.5442819998,14.3866204063,14.5344281503,136196600.0
2013-07-22,14.74,14.99,14.65,14.92,112416800.0,0.0,1.0,14.5245743007,14.7709205405,14.4358896543,14.7019435933,112416800.0
2013-07-23,14.98,15.03,14.86,14.94,113736000.0,0.0,1.0,14.7610666909,14.8103359389,14.6428204958,14.7216512925,113736000.0
2013-07-24,15.0,15.0,14.68,14.71,117771100.0,0.0,1.0,14.7807743901,14.7807743901,14.4654512031,14.4950127519,117771100.0
2013-07-25,14.62,14.85,14.54,14.83,89243300.0,0.0,1.0,14.4063281055,14.6329666462,14.3274973088,14.613258947,89243300.0
2013-07-26,14.7,14.76,14.62,14.73,73777800.0,0.0,1.0,14.4851589023,14.5442819998,14.4063281055,14.5147204511,73777800.0
2013-07-29,14.65,14.7,14.45,14.52,88616700.0,0.0,1.0,14.4358896543,14.4851589023,14.2388126624,14.3077896096,88616700.0
2013-07-30,14.58,14.63,14.46,14.52,71675200.0,0.0,1.0,14.3669127072,14.4161819551,14.248666512,14.3077896096,71675200.0
2013-07-31,14.58,14.85,14.57,14.6,128182500.0,0.0,1.0,14.3669127072,14.6329666462,14.3570588576,14.3866204063,128182500.0
2013-08-01,14.85,14.97,14.82,14.95,108554200.0,0.0,1.0,14.6329666462,14.7512128413,14.6034050974,14.7315051421,108554200.0
2013-08-02,14.88,14.91,14.78,14.84,83367400.0,0.0,1.0,14.662528195,14.6920897437,14.563989699,14.6231127966,83367400.0
2013-08-05,14.77,14.84,14.7,14.8,61711900.0,0.0,1.0,14.5541358494,14.6231127966,14.4851589023,14.5836973982,61711900.0
2013-08-06,14.74,14.76,14.63,14.64,84249800.0,0.0,1.0,14.5245743007,14.5442819998,14.4161819551,14.4260358047,84249800.0
2013-08-07,14.43,14.57,14.25,14.53,128693600.0,0.0,1.0,14.2191049633,14.3570588576,14.0417356706,14.3176434592,128693600.0
2013-08-08,14.68,14.7,14.44,14.61,88544100.0,0.0,1.0,14.4654512031,14.4851589023,14.2289588129,14.3964742559,88544100.0
2013-08-09,14.56,14.61,14.4,14.45,72897900.0,0.0,1.0,14.347205008,14.3964742559,14.1895434145,14.2388126624,72897900.0
2013-08-12,14.36,14.47,14.32,14.41,60867500.0,0.0,1.0,14.1501280161,14.2585203616,14.1107126177,14.1993972641,60867500.0
2013-08-13,14.47,14.62,14.33,14.51,75777900.0,0.0,1.0,14.2585203616,14.4063281055,14.1205664673,14.29793576,75777900.0
2013-08-14,14.55,14.75,14.54,14.6,78553700.0,0.0,1.0,14.3373511584,14.5344281503,14.3274973088,14.3866204063,78553700.0
2013-08-15,14.46,14.47,14.31,14.32,99238900.0,0.0,1.0,14.248666512,14.2585203616,14.1008587681,14.1107126177,99238900.0
2013-08-16,14.29,14.47,14.21,14.42,104959000.0,0.0,1.0,14.081151069,14.2585203616,14.0023202722,14.2092511137,104959000.0
2013-08-19,14.37,14.38,14.13,14.15,98384600.0,0.0,1.0,14.1599818657,14.1698357153,13.9234894755,13.9431971746,98384600.0
2013-08-20,14.18,14.38,13.98,14.29,114332500.0,0.0,1.0,13.9727587234,14.1698357153,13.7756817316,14.081151069,114332500.0
2013-08-21,14.26,14.48,14.2,14.34,91680600.0,0.0,1.0,14.0515895202,14.2683742112,13.9924664226,14.1304203169,91680600.0
2013-08-22,14.47,14.6,14.4,14.57,76348300.0,0.0,1.0,14.2585203616,14.3866204063,14.1895434145,14.3570588576,76348300.0
2013-08-23,14.59,14.69,14.51,14.57,67699200.0,0.0,1.0,14.3767665568,14.4753050527,14.29793576,14.3570588576,67699200.0
2013-08-26,14.53,14.7,14.49,14.49,68938900.0,0.0,1.0,14.3176434592,14.4851589023,14.2782280608,14.2782280608,68938900.0
2013-08-27,14.26,14.41,14.1,14.11,122534200.0,0.0,1.0,14.0515895202,14.1993972641,13.8939279267,13.9037817763,122534200.0
2013-08-28,14.07,14.25,13.99,14.12,96473600.0,0.0,1.0,13.8643663779,14.0417356706,13.7855355812,13.9136356259,96473600.0
2013-08-29,14.14,14.3,14.12,14.17,76691500.0,0.0,1.0,13.9333433251,14.0910049185,13.9136356259,13.9629048738,76691500.0
2013-08-30,14.23,14.25,14.07,14.12,73233400.0,0.0,1.0,14.0220279714,14.0417356706,13.8643663779,13.9136356259,73233400.0
2013-09-03,14.3,14.38,14.18,14.25,74628700.0,0.0,1.0,14.0910049185,14.1698357153,13.9727587234,14.0417356706,74628700.0
2013-09-04,14.21,14.4,14.21,14.32,71132500.0,0.01,1.0,14.0120984288,14.1994523135,14.0120984288,14.1205664673,71132500.0
2013-09-05,14.41,14.55,14.36,14.37,71229200.0,0.0,1.0,14.2093130443,14.3473632751,14.1600093904,14.1698701212,71229200.0
2013-09-06,14.47,14.5,14.27,14.36,75513100.0,0.0,1.0,14.2684774289,14.2980596212,14.0712628135,14.1600093904,75513100.0
2013-09-09,14.41,14.49,14.37,14.48,53447300.0,0.0,1.0,14.2093130443,14.2881988905,14.1698701212,14.2783381597,53447300.0
2013-09-10,14.52,14.69,14.52,14.61,93180300.0,0.0,1.0,14.3177810828,14.4854135059,14.3177810828,14.4065276598,93180300.0
2013-09-11,14.56,14.68,14.52,14.65,81098900.0,0.0,1.0,14.3572240059,14.4755527752,14.3177810828,14.4459705828,81098900.0
2013-09-12,14.65,14.68,14.46,14.48,63355900.0,0.0,1.0,14.4459705828,14.4755527752,14.2586166982,14.2783381597,63355900.0
2013-09-13,14.46,14.55,14.45,14.49,56793400.0,0.0,1.0,14.2586166982,14.3473632751,14.2487559674,14.2881988905,56793400.0
2013-09-16,14.61,14.68,14.53,14.53,65276500.0,0.0,1.0,14.4065276598,14.4755527752,14.3276418136,14.3276418136,65276500.0
2013-09-17,14.53,14.62,14.4,14.55,73686100.0,0.0,1.0,14.3276418136,14.4163883905,14.1994523135,14.3473632751,73686100.0
2013-09-18,14.53,14.82,14.49,14.71,127092600.0,0.0,1.0,14.3276418136,14.613603006,14.2881988905,14.5051349675,127092600.0
2013-09-19,14.8,14.83,14.58,14.61,79710700.0,0.0,1.0,14.5938815444,14.6234637368,14.3769454674,14.4065276598,79710700.0
2013-09-20,14.65,14.66,14.44,14.44,145174800.0,0.0,1.0,14.4459705828,14.4558313136,14.2388952366,14.2388952366,145174800.0
2013-09-23,14.31,14.32,14.09,14.14,127283100.0,0.0,1.0,14.1107057366,14.1205664673,13.8937696595,13.9430733134,127283100.0
2013-09-24,14.18,14.25,14.01,14.09,96912800.0,0.0,1.0,13.9825162365,14.0515413519,13.8148838134,13.8937696595,96912800.0
2013-09-25,14.12,14.24,14.03,14.14,86546100.0,0.0,1.0,13.9233518519,14.0416806211,13.8346052749,13.9430733134,86546100.0
2013-09-26,14.19,14.22,13.98,14.08,89352900.0,0.0,1.0,13.9923769673,14.0219591596,13.785301621,13.8839089288,89352900.0
2013-09-27,13.99,14.03,13.88,13.9,79156000.0,0.0,1.0,13.7951623518,13.8346052749,13.6866943133,13.7064157748,79156000.0
2013-09-30,13.69,13.93,13.6,13.8,104439900.0,0.0,1.0,13.4993404286,13.7359979672,13.4105938517,13.6078084671,104439900.0
2013-10-01,13.85,13.92,13.81,13.9,57631000.0,0.0,1.0,13.657112121,13.7261372364,13.6176691979,13.7064157748,57631000.0
2013-10-02,13.81,14.1,13.79,14.06,89186300.0,0.0,1.0,13.6176691979,13.9036303903,13.5979477363,13.8641874672,89186300.0
2013-10-03,14.07,14.1,13.83,14.0,95269000.0,0.0,1.0,13.874048198,13.9036303903,13.6373906594,13.8050230826,95269000.0
2013-10-04,14.02,14.08,13.96,14.05,63495400.0,0.0,1.0,13.8247445441,13.8839089288,13.7655801595,13.8543267364,63495400.0
2013-10-07,13.91,13.95,13.8,13.81,64822700.0,0.0,1.0,13.7162765056,13.7557194287,13.6078084671,13.6176691979,64822700.0
2013-10-08,13.83,13.9,13.68,13.69,92746200.0,0.0,1.0,13.6373906594,13.7064157748,13.4894796978,13.4993404286,92746200.0
2013-10-09,13.72,13.93,13.69,13.84,96012800.0,0.0,1.0,13.5289226209,13.7359979672,13.4993404286,13.6472513902,96012800.0
2013-10-10,14.03,14.25,14.01,14.23,102305800.0,0.0,1.0,13.8346052749,14.0515413519,13.8148838134,14.0318198904,102305800.0
2013-10-11,14.24,14.28,14.11,14.19,83422000.0,0.0,1.0,14.0416806211,14.0811235442,13.9134911211,13.9923769673,83422000.0
2013-10-14,14.06,14.39,14.05,14.35,78367500.0,0.0,1.0,13.8641874672,14.1895915827,13.8543267364,14.1501486596,78367500.0
2013-10-15,14.39,14.43,14.21,14.24,102099300.0,0.0,1.0,14.1895915827,14.2290345058,14.0120984288,14.0416806211,102099300.0
2013-10-16,14.32,14.61,14.32,14.56,153481000.0,0.0,1.0,14.1205664673,14.4065276598,14.1205664673,14.3572240059,153481000.0
2013-10-17,14.45,14.66,14.41,14.66,94090800.0,0.0,1.0,14.2487559674,14.4558313136,14.2093130443,14.4558313136,94090800.0
2013-10-18,14.68,14.72,14.53,14.63,96986400.0,0.0,1.0,14.4755527752,14.5149956983,14.3276418136,14.4262491213,96986400.0
2013-10-21,14.53,14.59,14.47,14.52,91280600.0,0.0,1.0,14.3276418136,14.3868061982,14.2684774289,14.3177810828,91280600.0
2013-10-22,14.55,14.63,14.45,14.52,102836000.0,0.0,1.0,14.3473632751,14.4262491213,14.2487559674,14.3177810828,102836000.0
2013-10-23,14.45,14.48,14.17,14.21,108529700.0,0.0,1.0,14.2487559674,14.2783381597,13.9726555057,14.0120984288,108529700.0
2013-10-24,14.12,14.2,14.07,14.17,92566100.0,0.0,1.0,13.9233518519,14.002237698,13.874048198,13.9726555057,92566100.0
2013-10-25,14.15,14.27,14.14,14.26,58592400.0,0.0,1.0,13.9529340442,14.0712628135,13.9430733134,14.0614020827,58592400.0
2013-10-28,14.29,14.32,14.21,14.23,62328000.0,0.0,1.0,14.090984275,14.1205664673,14.0120984288,14.0318198904,62328000.0
2013-10-29,14.26,14.29,14.06,14.15,79563100.0,0.0,1.0,14.0614020827,14.090984275,13.8641874672,13.9529340442,79563100.0
2013-10-30,14.19,14.29,14.15,14.17,76624200.0,0.0,1.0,13.9923769673,14.090984275,13.9529340442,13.9726555057,76624200.0
2013-10-31,14.14,14.16,13.96,13.97,105713400.0,0.0,1.0,13.9430733134,13.962794775,13.7655801595,13.7754408903,105713400.0
2013-11-01,14.0,14.1,13.96,14.02,75610400.0,0.0,1.0,13.8050230826,13.9036303903,13.7655801595,13.8247445441,75610400.0
2013-11-04,14.09,14.12,14.0,14.04,53063200.0,0.0,1.0,13.8937696595,13.9233518519,13.8050230826,13.8444660057,53063200.0
2013-11-05,13.99,14.02,13.9,13.93,71809700.0,0.0,1.0,13.7951623518,13.8247445441,13.7064157748,13.7359979672,71809700.0
2013-11-06,13.99,14.02,13.91,13.96,66712900.0,0.0,1.0,13.7951623518,13.8247445441,13.7162765056,13.7655801595,66712900.0
2013-11-07,14.0,14.03,13.8,13.8,80775000.0,0.0,1.0,13.8050230826,13.8346052749,13.6078084671,13.6078084671,80775000.0
2013-11-08,13.86,14.32,13.84,14.32,158227300.0,0.0,1.0,13.6669728518,14.1205664673,13.6472513902,14.1205664673,158227300.0
2013-11-11,14.27,14.42,14.24,14.4,66357400.0,0.0,1.0,14.0712628135,14.2191737751,14.0416806211,14.1994523135,66357400.0
2013-11-12,14.33,14.46,14.26,14.32,69498300.0,0.0,1.0,14.1304271981,14.2586166982,14.0614020827,14.1205664673,69498300.0
2013-11-13,14.26,14.64,14.2,14.64,128018500.0,0.0,1.0,14.0614020827,14.4361098521,14.002237698,14.4361098521,128018500.0
2013-11-14,14.68,14.82,14.61,14.8,128999400.0,0.0,1.0,14.4755527752,14.613603006,14.4065276598,14.5938815444,128999400.0
2013-11-15,14.79,14.95,14.77,14.92,105475300.0,0.0,1.0,14.5840208137,14.741792506,14.5642993521,14.7122103137,105475300.0
2013-11-18,14.98,15.17,14.86,14.92,145554400.0,0.0,1.0,14.7713746984,14.9587285831,14.6530459291,14.7122103137,145554400.0
2013-11-19,14.98,15.3,14.97,15.2,161505600.0,0.0,1.0,14.7713746984,15.0869180831,14.7615139676,14.9883107754,161505600.0
2013-11-20,15.25,15.27,15.08,15.14,107174900.0,0.0,1.0,15.0376144292,15.0573358908,14.8699820061,14.9291463907,107174900.0
2013-11-21,15.22,15.6,15.2,15.59,142053600.0,0.0,1.0,15.0080322369,15.3827400063,14.9883107754,15.3728792755,142053600.0
2013-11-22,15.7,15.79,15.6,15.64,110331100.0,0.0,1.0,15.481347314,15.570093891,15.3827400063,15.4221829294,110331100.0
2013-11-25,15.67,15.98,15.66,15.81,153765500.0,0.0,1.0,15.4517651217,15.7574477757,15.4419043909,15.5898153525,153765500.0
2013-11-26,15.84,15.97,15.81,15.88,114833700.0,0.0,1.0,15.6193975449,15.7475870449,15.5898153525,15.658840468,114833700.0
2013-11-27,15.87,15.94,15.76,15.83,75503600.0,0.0,1.0,15.6489797372,15.7180048526,15.5405116987,15.6095368141,75503600.0
2013-11-29,15.84,15.92,15.79,15.82,44288400.0,0.0,1.0,15.6193975449,15.6982833911,15.570093891,15.5996760833,44288400.0
2013-12-02,15.84,15.97,15.7,15.73,92987400.0,0.0,1.0,15.6193975449,15.7475870449,15.481347314,15.5109295064,92987400.0
2013-12-03,15.64,15.79,15.39,15.54,106450300.0,0.0,1.0,15.4221829294,15.570093891,15.1756646601,15.3235756217,106450300.0
2013-12-04,15.39,15.73,15.36,15.63,96678100.0,0.01,1.0,15.1853739785,15.5208533256,15.1557728596,15.4221829294,96678100.0
2013-12-05,15.61,15.64,15.36,15.43,95230500.0,0.0,1.0,15.4024488502,15.432049969,15.1557728596,15.224842137,95230500.0
2013-12-06,15.61,15.72,15.46,15.56,92203100.0,0.0,1.0,15.4024488502,15.510986286,15.2544432558,15.353113652,92203100.0
2013-12-09,15.62,15.67,15.56,15.58,50167200.0,0.0,1.0,15.4123158898,15.4616510879,15.353113652,15.3728477313,50167200.0
2013-12-10,15.52,15.68,15.51,15.56,67486300.0,0.0,1.0,15.3136454936,15.4715181275,15.3037784539,15.353113652,67486300.0
2013-12-11,15.55,15.55,15.18,15.25,117565000.0,0.0,1.0,15.3432466124,15.3432466124,14.9781661464,15.0472354238,117565000.0
2013-12-12,15.26,15.35,15.12,15.25,76113900.0,0.0,1.0,15.0571024634,15.14590582,14.9189639087,15.0472354238,76113900.0
2013-12-13,15.28,15.33,15.13,15.18,61575600.0,0.0,1.0,15.0768365426,15.1261717407,14.9288309483,14.9781661464,61575600.0
2013-12-16,15.22,15.34,15.2,15.24,71467000.0,0.0,1.0,15.0176343049,15.1360387804,14.9979002256,15.0373683841,71467000.0
2013-12-17,15.24,15.3,15.14,15.18,74247300.0,0.0,1.0,15.0373683841,15.0965706219,14.9386979879,14.9781661464,74247300.0
2013-12-18,15.28,15.71,15.06,15.69,152929300.0,0.0,1.0,15.0768365426,15.5011192464,14.8597616709,15.4813851671,152929300.0
2013-12-19,15.66,15.79,15.6,15.75,97776100.0,0.0,1.0,15.4517840483,15.5800555634,15.3925818105,15.5405874049,97776100.0
2013-12-20,15.75,15.87,15.6,15.6,131956000.0,0.0,1.0,15.5405874049,15.6589918803,15.3925818105,15.3925818105,131956000.0
2013-12-23,15.72,15.79,15.69,15.69,52565800.0,0.0,1.0,15.510986286,15.5800555634,15.4813851671,15.4813851671,52565800.0
2013-12-24,15.72,15.75,15.67,15.7,21770400.0,0.0,1.0,15.510986286,15.5405874049,15.4616510879,15.4912522068,21770400.0
2013-12-26,15.74,15.75,15.64,15.65,48803600.0,0.0,1.0,15.5307203652,15.5405874049,15.432049969,15.4419170086,48803600.0
2013-12-27,15.67,15.7,15.58,15.67,40049300.0,0.0,1.0,15.4616510879,15.4912522068,15.3728477313,15.4616510879,40049300.0
2013-12-30,15.64,15.69,15.52,15.54,56218800.0,0.0,1.0,15.432049969,15.4813851671,15.3136454936,15.3333795728,56218800.0
2013-12-31,15.6,15.62,15.51,15.57,57188900.0,0.0,1.0,15.3925818105,15.4123158898,15.3037784539,15.3629806917,57188900.0
2014-01-02,15.69,16.16,15.68,16.1,148709900.0,0.0,1.0,15.4813851671,15.9451360294,15.4715181275,15.8859337916,148709900.0
2014-01-03,16.27,16.5,16.23,16.41,129921800.0,0.0,1.0,16.0536734652,16.2806153765,16.0142053067,16.1918120199,129921800.0
2014-01-06,16.63,16.73,16.56,16.66,114431300.0,0.0,1.0,16.4088868916,16.5075572878,16.3398176143,16.4384880105,114431300.0
2014-01-07,16.77,16.79,16.45,16.5,110605100.0,0.0,1.0,16.5470254463,16.5667595256,16.2312801784,16.2806153765,110605100.0
2014-01-08,16.67,16.69,16.52,16.58,101036400.0,0.0,1.0,16.4483550501,16.4680891293,16.3003494558,16.3595516935,101036400.0
2014-01-09,16.67,16.93,16.61,16.83,100947200.0,0.0,1.0,16.4483550501,16.7048980803,16.3891528124,16.6062276841,100947200.0
2014-01-10,16.75,16.79,16.61,16.77,87454100.0,0.0,1.0,16.5272913671,16.5667595256,16.3891528124,16.5470254463,87454100.0
2014-01-13,16.79,16.8,16.4,16.43,90025400.0,0.0,1.0,16.5667595256,16.5766265652,16.1819449803,16.2115460992,90025400.0
2014-01-14,16.54,16.77,16.53,16.77,97786600.0,0.0,1.0,16.320083535,16.5470254463,16.3102164954,16.5470254463,97786600.0
2014-01-15,17.23,17.42,17.11,17.15,329333100.0,0.0,1.0,17.0009092689,17.1883830218,16.8825047935,16.921972952,329333100.0
2014-01-16,17.09,17.14,16.99,17.08,163613100.0,0.0,1.0,16.8627707142,16.9121059123,16.764100318,16.8529036746,163613100.0
2014-01-17,17.2,17.22,16.99,17.01,96232200.0,0.0,1.0,16.9713081501,16.9910422293,16.764100318,16.7838343973,96232200.0
2014-01-21,17.08,17.16,16.87,17.01,118269200.0,0.0,1.0,16.8529036746,16.9318399916,16.6456958425,16.7838343973,118269200.0
2014-01-22,17.08,17.15,17.0,17.15,68114400.0,0.0,1.0,16.8529036746,16.921972952,16.7739673576,16.921972952,68114400.0
2014-01-23,17.07,17.09,16.74,16.86,123765900.0,0.0,1.0,16.843036635,16.8627707142,16.5174243275,16.6358288029,123765900.0
2014-01-24,16.67,16.72,16.45,16.45,112899300.0,0.0,1.0,16.4483550501,16.4976902482,16.2312801784,16.2312801784,112899300.0
2014-01-27,16.37,16.54,16.06,16.31,134872600.0,0.0,1.0,16.1523438614,16.320083535,15.8464656332,16.0931416237,134872600.0
2014-01-28,16.45,16.76,16.37,16.73,92891300.0,0.0,1.0,16.2312801784,16.5371584067,16.1523438614,16.5075572878,92891300.0
2014-01-29,16.55,16.85,16.49,16.68,130026900.0,0.0,1.0,16.3299505746,16.6259617633,16.2707483369,16.4582220897,130026900.0
2014-01-30,16.81,16.99,16.77,16.93,91028200.0,0.0,1.0,16.5864936048,16.764100318,16.5470254463,16.7048980803,91028200.0
2014-01-31,16.72,16.98,16.61,16.75,139432100.0,0.0,1.0,16.4976902482,16.7542332784,16.3891528124,16.5272913671,139432100.0
2014-02-03,16.77,16.88,16.3,16.35,159981200.0,0.0,1.0,16.5470254463,16.6555628822,16.0832745841,16.1326097822,159981200.0
2014-02-04,16.49,16.56,16.26,16.35,125337000.0,0.0,1.0,16.2707483369,16.3398176143,16.0438064256,16.1326097822,125337000.0
2014-02-05,16.31,16.45,16.15,16.4,110576200.0,0.0,1.0,16.0931416237,16.2312801784,15.9352689898,16.1819449803,110576200.0
2014-02-06,16.45,16.73,16.44,16.69,110029100.0,0.0,1.0,16.2312801784,16.5075572878,16.2214131388,16.4680891293,110029100.0
2014-02-07,16.82,16.88,16.63,16.82,122571100.0,0.0,1.0,16.5963606444,16.6555628822,16.4088868916,16.5963606444,122571100.0
2014-02-10,16.71,16.73,16.6,16.72,95792500.0,0.0,1.0,16.4878232086,16.5075572878,16.3792857727,16.4976902482,95792500.0
2014-02-11,16.73,16.92,16.64,16.88,92617500.0,0.0,1.0,16.5075572878,16.6950310407,16.4187539312,16.6555628822,92617500.0
2014-02-12,16.87,16.91,16.65,16.75,96948900.0,0.0,1.0,16.6456958425,16.685164001,16.4286209709,16.5272913671,96948900.0
2014-02-13,16.65,16.82,16.63,16.75,95756900.0,0.0,1.0,16.4286209709,16.5963606444,16.4088868916,16.5272913671,95756900.0
2014-02-14,16.74,16.76,16.65,16.7,100684300.0,0.0,1.0,16.5174243275,16.5371584067,16.4286209709,16.477956169,100684300.0
2014-02-18,16.7,16.74,16.47,16.47,121778600.0,0.0,1.0,16.477956169,16.5174243275,16.2510142577,16.2510142577,121778600.0
2014-02-19,16.38,16.45,16.18,16.2,137734500.0,0.0,1.0,16.1622109011,16.2312801784,15.9648701086,15.9846041879,137734500.0
2014-02-20,16.22,16.36,16.18,16.3,107425900.0,0.0,1.0,16.0043382671,16.1424768218,15.9648701086,16.0832745841,107425900.0
2014-02-21,16.29,16.49,16.25,16.29,106236900.0,0.0,1.0,16.0734075445,16.2707483369,16.033939386,16.0734075445,106236900.0
2014-02-24,16.3,16.63,16.3,16.53,102909600.0,0.0,1.0,16.0832745841,16.4088868916,16.0832745841,16.3102164954,102909600.0
2014-02-25,16.5,16.56,16.32,16.34,81457000.0,0.0,1.0,16.2806153765,16.3398176143,16.1030086633,16.1227427426,81457000.0
2014-02-26,16.36,16.4,16.13,16.33,89831600.0,0.0,1.0,16.1424768218,16.1819449803,15.9155349105,16.1128757029,89831600.0
2014-02-27,16.27,16.49,16.21,16.49,71314500.0,0.0,1.0,16.0536734652,16.2707483369,15.9944712275,16.2707483369,71314500.0
2014-02-28,16.49,16.65,16.35,16.53,126252100.0,0.0,1.0,16.2707483369,16.4286209709,16.1326097822,16.3102164954,126252100.0
2014-03-03,16.3,16.41,16.19,16.3,87526800.0,0.0,1.0,16.0832745841,16.1918120199,15.9747371482,16.0832745841,87526800.0
2014-03-04,16.48,16.74,16.43,16.73,100849900.0,0.0,1.0,16.2608812973,16.5174243275,16.2115460992,16.5075572878,100849900.0
2014-03-05,16.79,17.31,16.78,17.25,207180000.0,0.01,1.0,16.5763634441,17.0897469457,16.5664906845,17.0305103878,207180000.0
2014-03-06,17.42,17.63,17.31,17.35,138078900.0,0.0,1.0,17.1983473018,17.4056752543,17.0897469457,17.1292379843,138078900.0
2014-03-07,17.54,17.59,17.25,17.33,109547100.0,0.0,1.0,17.3168204175,17.3661842157,17.0305103878,17.109492465,109547100.0
2014-03-10,17.27,17.47,17.25,17.47,81732700.0,0.0,1.0,17.0502559071,17.2477111,17.0305103878,17.2477111,81732700.0
2014-03-11,17.51,17.52,17.25,17.27,90183400.0,0.0,1.0,17.2872021386,17.2970748982,17.0305103878,17.0502559071,90183400.0
2014-03-12,17.18,17.33,17.07,17.28,83309200.0,0.0,1.0,16.9614010703,17.109492465,16.8528007142,17.0601286667,83309200.0
2014-03-13,17.34,17.47,17.07,17.16,100875700.0,0.0,1.0,17.1193652246,17.2477111,16.8528007142,16.941655551,100875700.0
2014-03-14,17.08,17.22,16.76,16.8,131297200.0,0.0,1.0,16.8626734738,17.0008921089,16.5467451652,16.5862362038,131297200.0
2014-03-17,16.98,17.17,16.97,17.11,79942200.0,0.0,1.0,16.7639458774,16.9515283106,16.7540731177,16.8922917528,79942200.0
2014-03-18,17.14,17.22,17.07,17.19,67402400.0,0.0,1.0,16.9219100317,17.0008921089,16.8528007142,16.9712738299,67402400.0
2014-03-19,17.16,17.49,17.12,17.44,105006500.0,0.0,1.0,16.941655551,17.2674566193,16.9021645124,17.2180928211,105006500.0
2014-03-20,17.44,18.0,17.43,17.92,167048700.0,0.0,1.0,17.2180928211,17.7709673612,17.2082200614,17.691985284,167048700.0
2014-03-21,18.03,18.03,17.56,17.56,155721000.0,0.0,1.0,17.8005856401,17.8005856401,17.3365659368,17.3365659368,155721000.0
2014-03-24,17.62,17.65,17.3,17.37,118500000.0,0.0,1.0,17.3958024947,17.4254207736,17.079874186,17.1489835035,118500000.0
2014-03-25,17.49,17.58,17.2,17.21,98348600.0,0.0,1.0,17.2674566193,17.3563114561,16.9811465896,16.9910193492,98348600.0
2014-03-26,17.38,17.4,17.18,17.18,97573700.0,0.0,1.0,17.1588562632,17.1786017825,16.9614010703,16.9614010703,97573700.0
2014-03-27,17.28,17.49,16.83,17.01,175139500.0,0.0,1.0,17.0601286667,17.2674566193,16.6158544827,16.7935641563,175139500.0
2014-03-28,17.09,17.15,16.85,16.98,79909500.0,0.0,1.0,16.8725462335,16.9317827914,16.635600002,16.7639458774,79909500.0
2014-03-31,17.15,17.27,17.12,17.2,62115800.0,0.0,1.0,16.9317827914,17.0502559071,16.9021645124,16.9811465896,62115800.0
2014-04-01,17.28,17.4,17.26,17.34,57423800.0,0.0,1.0,17.0601286667,17.1786017825,17.0403831475,17.1193652246,57423800.0
2014-04-02,17.35,17.38,17.13,17.23,65349000.0,0.0,1.0,17.1292379843,17.1588562632,16.9120372721,17.0107648685,65349000.0
2014-04-03,17.21,17.24,17.03,17.15,56245700.0,0.0,1.0,16.9910193492,17.0206376282,16.8133096756,16.9317827914,56245700.0
2014-04-04,17.21,17.22,16.7,16.72,110409600.0,0.0,1.0,16.9910193492,17.0008921089,16.4875086073,16.5072541266,110409600.0
2014-04-07,16.69,16.7,16.19,16.38,128705800.0,0.0,1.0,16.4776358477,16.4875086073,15.9839978654,16.1715802987,128705800.0
2014-04-08,16.37,16.5,16.25,16.44,75377200.0,0.0,1.0,16.161707539,16.2900534144,16.0432344233,16.2308168566,75377200.0
2014-04-09,16.55,16.63,16.35,16.62,82846000.0,0.0,1.0,16.3394172127,16.4183992898,16.1419620197,16.4085265302,82846000.0
2014-04-10,16.62,16.62,16.1,16.12,97264151.0,0.0,1.0,16.4085265302,16.4085265302,15.8951430286,15.9148885479,97264151.0
2014-04-11,15.86,16.13,15.62,15.77,133078301.0,0.0,1.0,15.6581967971,15.9247613076,15.4212505657,15.5693419603,133078301.0
2014-04-14,16.05,16.22,15.78,16.0,99132143.0,0.0,1.0,15.8457792304,16.0136161444,15.57921472,15.7964154322,99132143.0
2014-04-15,16.08,16.41,15.96,16.39,133960308.0,0.0,1.0,15.8753975093,16.2011985776,15.7569243936,16.1814530583,133960308.0
2014-04-16,16.19,16.22,15.78,16.13,171943308.0,0.0,1.0,15.9839978654,16.0136161444,15.57921472,15.9247613076,171943308.0
2014-04-17,16.15,16.25,15.93,16.15,91451774.0,0.0,1.0,15.9445068268,16.0432344233,15.7273061147,15.9445068268,91451774.0
2014-04-21,16.15,16.17,16.03,16.09,51029059.0,0.0,1.0,15.9445068268,15.9642523461,15.8260337111,15.885270269,51029059.0
2014-04-22,16.09,16.34,16.04,16.29,75896535.0,0.0,1.0,15.885270269,16.1320892601,15.8359064708,16.0827254619,75896535.0
2014-04-23,16.3,16.4,16.23,16.37,50444893.0,0.0,1.0,16.0925982215,16.191325818,16.023488904,16.161707539,50444893.0
2014-04-24,16.43,16.5,16.21,16.34,72653902.0,0.0,1.0,16.2209440969,16.2900534144,16.0037433847,16.1320892601,72653902.0
2014-04-25,16.1,16.23,15.93,15.95,82032994.0,0.0,1.0,15.8951430286,16.023488904,15.7273061147,15.7470516339,82032994.0
2014-04-28,15.34,15.41,14.86,14.95,342169962.0,0.0,1.0,15.1448132956,15.2139226131,14.6709208326,14.7597756694,342169962.0
2014-04-29,15.03,15.3,14.91,15.24,155239434.0,0.0,1.0,14.8387577466,15.105322257,14.7202846309,15.0460856991,155239434.0
2014-04-30,15.27,15.27,15.13,15.14,82092283.0,0.0,1.0,15.0757039781,15.0757039781,14.937485343,14.9473581027,82092283.0
2014-05-01,15.15,15.2174,15.03,15.09,67786195.0,0.0,1.0,14.9572308623,15.0237732623,14.8387577466,14.8979943045,67786195.0
2014-05-02,15.18,15.29,15.1,15.25,72786110.0,0.0,1.0,14.9868491413,15.0954494974,14.9078670641,15.0559584588,72786110.0
2014-05-05,15.09,15.13,15.02,15.08,49992283.0,0.0,1.0,14.8979943045,14.937485343,14.8288849869,14.8881215448,49992283.0
2014-05-06,15.0,15.03,14.72,14.73,94751864.0,0.0,1.0,14.8091394677,14.8387577466,14.5327021976,14.5425749572,94751864.0
2014-05-07,14.86,14.92,14.75,14.8,81215108.0,0.0,1.0,14.6709208326,14.7301573905,14.5623204765,14.6116842748,81215108.0
2014-05-08,14.85,15.04,14.8,14.93,64794510.0,0.0,1.0,14.661048073,14.8486305062,14.6116842748,14.7400301501,64794510.0
2014-05-09,14.95,14.9857,14.67,14.74,86572585.0,0.0,1.0,14.7597756694,14.7950214214,14.4833383994,14.5524477169,86572585.0
2014-05-12,14.79,15.1,14.79,15.07,69968100.0,0.0,1.0,14.6018115151,14.9078670641,14.6018115151,14.8782487852,69968100.0
2014-05-13,15.04,15.1,14.94,15.03,58059626.0,0.0,1.0,14.8486305062,14.9078670641,14.7499029098,14.8387577466,58059626.0
2014-05-14,15.0,15.02,14.81,14.84,52162971.0,0.0,1.0,14.8091394677,14.8288849869,14.6215570344,14.6511753133,52162971.0
2014-05-15,14.83,14.83,14.39,14.55,103474544.0,0.0,1.0,14.6413025537,14.6413025537,14.2069011293,14.3648652836,103474544.0
2014-05-16,14.51,14.54,14.3675,14.51,79911668.0,0.0,1.0,14.325374245,14.354992524,14.1846874201,14.325374245,79911668.0
2014-05-19,14.41,14.7,14.38,14.67,50681195.0,0.0,1.0,14.2266466486,14.5129566783,14.1970283697,14.4833383994,50681195.0
2014-05-20,14.64,14.69,14.48,14.53,59456164.0,0.0,1.0,14.4537201204,14.5030839187,14.2957559661,14.3451197643,59456164.0
2014-05-21,14.595,14.71,14.5,14.61,64189869.0,0.0,1.0,14.409292702,14.522829438,14.3155014854,14.4241018415,64189869.0
2014-05-22,14.59,14.72,14.55,14.71,51667841.0,0.0,1.0,14.4043563222,14.5327021976,14.3648652836,14.522829438,51667841.0
2014-05-23,14.72,14.8145,14.65,14.72,48953149.0,0.0,1.0,14.5327021976,14.6259997762,14.4635928801,14.5327021976,48953149.0
2014-05-27,15.0,15.31,14.98,15.22,125111360.0,0.0,1.0,14.8091394677,15.1151950167,14.7893939484,15.0263401799,125111360.0
2014-05-28,15.26,15.28,15.03,15.14,72084306.0,0.0,1.0,15.0658312184,15.0855767377,14.8387577466,14.9473581027,72084306.0
2014-05-29,15.12,15.21,15.1,15.15,39285758.0,0.0,1.0,14.9276125834,15.0164674202,14.9078670641,14.9572308623,39285758.0
2014-05-30,15.12,15.23,15.07,15.14,45361021.0,0.0,1.0,14.9276125834,15.0362129395,14.8782487852,14.9473581027,45361021.0
2014-06-02,15.16,15.28,15.05,15.26,45943299.0,0.0,1.0,14.967103622,15.0855767377,14.8585032659,15.0658312184,45943299.0
2014-06-03,15.195,15.28,15.11,15.21,48608964.0,0.0,1.0,15.0016582807,15.0855767377,14.9177398238,15.0164674202,48608964.0
2014-06-04,15.2,15.26,15.15,15.21,39306120.0,0.0,1.0,15.0065946606,15.0658312184,14.9572308623,15.0164674202,39306120.0
2014-06-05,15.28,15.48,15.22,15.43,59503934.0,0.0,1.0,15.0855767377,15.2830319306,15.0263401799,15.2336681324,59503934.0
2014-06-06,15.455,15.65,15.43,15.59,73784063.0,0.0,1.0,15.2583500315,15.4508688446,15.2336681324,15.3916322867,73784063.0
2014-06-09,15.6,15.88,15.6,15.84,77447616.0,0.0,1.0,15.4015050464,15.6779423164,15.4015050464,15.6384512778,77447616.0
2014-06-10,15.78,15.94,15.73,15.92,48657821.0,0.0,1.0,15.57921472,15.7371788743,15.5298509218,15.717433355,48657821.0
2014-06-11,15.68,15.82,15.55,15.59,72804076.0,0.0,1.0,15.4804871235,15.6187057586,15.3521412481,15.3916322867,72804076.0
2014-06-12,15.58,15.66,15.38,15.42,65504991.0,0.0,1.0,15.3817595271,15.4607416042,15.1843043342,15.2237953728,65504991.0
2014-06-13,15.455,15.55,15.33,15.44,61302672.0,0.0,1.0,15.2583500315,15.3521412481,15.1349405359,15.243540892,61302672.0
2014-06-16,15.31,15.31,15.18,15.28,53494562.0,0.0,1.0,15.1151950167,15.1151950167,14.9868491413,15.0855767377,53494562.0
2014-06-17,15.265,15.62,15.255,15.59,57205656.0,0.0,1.0,15.0707675983,15.4212505657,15.0608948386,15.3916322867,57205656.0
2014-06-18,15.63,15.69,15.44,15.65,69491685.0,0.0,1.0,15.4311233253,15.4903598832,15.243540892,15.4508688446,69491685.0
2014-06-19,15.66,15.67,15.5,15.55,40758655.0,0.0,1.0,15.4607416042,15.4706143639,15.3027774499,15.3521412481,40758655.0
2014-06-20,15.625,15.63,15.44,15.45,54030179.0,0.0,1.0,15.4261869455,15.4311233253,15.243540892,15.2534136517,54030179.0
2014-06-23,15.47,15.65,15.38,15.64,58215450.0,0.0,1.0,15.273159171,15.4508688446,15.1843043342,15.4409960849,58215450.0
2014-06-24,15.55,15.7,15.44,15.49,72663198.0,0.0,1.0,15.3521412481,15.5002326428,15.243540892,15.2929046903,72663198.0
2014-06-25,15.44,15.49,15.28,15.47,71447994.0,0.0,1.0,15.243540892,15.2929046903,15.0855767377,15.273159171,71447994.0
2014-06-26,15.44,15.53,15.27,15.41,66811069.0,0.0,1.0,15.243540892,15.3323957288,15.0757039781,15.2139226131,66811069.0
2014-06-27,15.38,15.42,15.31,15.33,57284599.0,0.0,1.0,15.1843043342,15.2237953728,15.1151950167,15.1349405359,57284599.0
2014-06-30,15.32,15.45,15.29,15.37,47192477.0,0.0,1.0,15.1250677763,15.2534136517,15.0954494974,15.1744315745,47192477.0
2014-07-01,15.39,15.65,15.38,15.6,73440201.0,0.0,1.0,15.1941770938,15.4508688446,15.1843043342,15.4015050464,73440201.0
2014-07-02,15.78,16.03,15.76,15.85,86694411.0,0.0,1.0,15.57921472,15.8260337111,15.5594692007,15.6483240375,86694411.0
2014-07-03,16.07,16.23,16.0,16.03,70574300.0,0.0,1.0,15.8655247497,16.023488904,15.7964154322,15.8260337111,70574300.0
2014-07-07,15.99,16.0,15.83,15.94,61873445.0,0.0,1.0,15.7865426725,15.7964154322,15.6285785182,15.7371788743,61873445.0
2014-07-08,15.82,15.83,15.52,15.58,72734301.0,0.0,1.0,15.6187057586,15.6285785182,15.3225229692,15.3817595271,72734301.0
2014-07-09,15.625,15.6899,15.54,15.6,46154454.0,0.0,1.0,15.4261869455,15.4902611556,15.3422684885,15.4015050464,46154454.0
2014-07-10,15.33,15.53,15.25,15.44,61071309.0,0.0,1.0,15.1349405359,15.3323957288,15.0559584588,15.243540892,61071309.0
2014-07-11,15.39,15.43,15.3,15.38,56642402.0,0.0,1.0,15.1941770938,15.2336681324,15.105322257,15.1843043342,56642402.0
2014-07-14,15.63,15.67,15.52,15.57,58694192.0,0.0,1.0,15.4311233253,15.4706143639,15.3225229692,15.3718867674,58694192.0
2014-07-15,15.76,15.85,15.66,15.81,99679538.0,0.0,1.0,15.5594692007,15.6483240375,15.4607416042,15.6088329989,99679538.0
2014-07-16,15.655,15.66,15.43,15.51,123295515.0,0.0,1.0,15.4558052244,15.4607416042,15.2336681324,15.3126502096,123295515.0
2014-07-17,15.43,15.48,15.13,15.2,113834482.0,0.0,1.0,15.2336681324,15.2830319306,14.937485343,15.0065946606,113834482.0
2014-07-18,15.27,15.5,15.25,15.49,74237793.0,0.0,1.0,15.0757039781,15.3027774499,15.0559584588,15.2929046903,74237793.0
2014-07-21,15.41,15.55,15.36,15.52,61599127.0,0.0,1.0,15.2139226131,15.3521412481,15.1645588149,15.3225229692,61599127.0
2014-07-22,15.59,15.62,15.47,15.52,58023231.0,0.0,1.0,15.3916322867,15.4212505657,15.273159171,15.3225229692,58023231.0
2014-07-23,15.53,15.63,15.51,15.52,47105575.0,0.0,1.0,15.3323957288,15.4311233253,15.3126502096,15.3225229692,47105575.0
2014-07-24,15.57,15.64,15.55,15.62,44608599.0,0.0,1.0,15.3718867674,15.4409960849,15.3521412481,15.4212505657,44608599.0
2014-07-25,15.585,15.63,15.55,15.59,34803415.0,0.0,1.0,15.3866959069,15.4311233253,15.3521412481,15.3916322867,34803415.0
2014-07-28,15.58,15.61,15.46,15.5,38329322.0,0.0,1.0,15.3817595271,15.411377806,15.2632864113,15.3027774499,38329322.0
2014-07-29,15.515,15.53,15.34,15.34,50913150.0,0.0,1.0,15.3175865894,15.3323957288,15.1448132956,15.1448132956,50913150.0
2014-07-30,15.44,15.665,15.31,15.58,82256140.0,0.0,1.0,15.243540892,15.4656779841,15.1151950167,15.3817595271,82256140.0
2014-07-31,15.44,15.55,15.25,15.25,68558561.0,0.0,1.0,15.243540892,15.3521412481,15.0559584588,15.0559584588,68558561.0
2014-08-01,15.17,15.39,14.84,14.98,115290984.0,0.0,1.0,14.9769763816,15.1941770938,14.6511753133,14.7893939484,115290984.0
2014-08-04,15.04,15.12,14.98,15.05,50994632.0,0.0,1.0,14.8486305062,14.9276125834,14.7893939484,14.8585032659,50994632.0
2014-08-05,15.01,15.2,14.9,15.0,64446843.0,0.0,1.0,14.8190122273,15.0065946606,14.7104118712,14.8091394677,64446843.0
2014-08-06,15.14,15.36,15.14,15.2,94619766.0,0.0,1.0,14.9473581027,15.1645588149,14.9473581027,15.0065946606,94619766.0
2014-08-07,15.42,15.44,15.09,15.12,79442841.0,0.0,1.0,15.2237953728,15.243540892,14.8979943045,14.9276125834,79442841.0
2014-08-08,15.1,15.2,14.99,15.2,53851448.0,0.0,1.0,14.9078670641,15.0065946606,14.799266708,15.0065946606,53851448.0
2014-08-11,15.26,15.27,15.15,15.22,41384172.0,0.0,1.0,15.0658312184,15.0757039781,14.9572308623,15.0263401799,41384172.0
2014-08-12,15.18,15.3,15.15,15.21,33151785.0,0.0,1.0,14.9868491413,15.105322257,14.9572308623,15.0164674202,33151785.0
2014-08-13,15.26,15.29,15.2,15.25,33759168.0,0.0,1.0,15.0658312184,15.0954494974,15.0065946606,15.0559584588,33759168.0
2014-08-14,15.26,15.32,15.26,15.32,29642980.0,0.0,1.0,15.0658312184,15.1250677763,15.0658312184,15.1250677763,29642980.0
2014-08-15,15.34,15.41,15.14,15.22,61308380.0,0.0,1.0,15.1448132956,15.2139226131,14.9473581027,15.0263401799,61308380.0
2014-08-18,15.28,15.45,15.27,15.45,54345770.0,0.0,1.0,15.0855767377,15.2534136517,15.0757039781,15.2534136517,54345770.0
2014-08-19,15.52,15.65,15.44,15.45,44300320.0,0.0,1.0,15.3225229692,15.4508688446,15.243540892,15.2534136517,44300320.0
2014-08-20,15.41,15.6333,15.37,15.52,57389308.0,0.0,1.0,15.2139226131,15.434381336,15.1744315745,15.3225229692,57389308.0
2014-08-21,15.69,16.22,15.62,16.16,175595162.0,0.0,1.0,15.4903598832,16.0136161444,15.4212505657,15.9543795865,175595162.0
2014-08-22,16.16,16.29,16.05,16.13,107327879.0,0.0,1.0,15.9543795865,16.0827254619,15.8457792304,15.9247613076,107327879.0
2014-08-25,16.26,16.4,16.2,16.29,88798587.0,0.0,1.0,16.0531071829,16.191325818,15.9938706251,16.0827254619,88798587.0
2014-08-26,16.33,16.46,16.32,16.33,62488508.0,0.0,1.0,16.1222165005,16.2505623758,16.1123437408,16.1222165005,62488508.0
2014-08-27,16.37,16.39,16.14,16.2,58120664.0,0.0,1.0,16.161707539,16.1814530583,15.9346340672,15.9938706251,58120664.0
2014-08-28,16.1,16.1,15.99,16.01,61319672.0,0.0,1.0,15.8951430286,15.8951430286,15.7865426725,15.8062881918,61319672.0
2014-08-29,16.06,16.14,16.02,16.09,49614927.0,0.0,1.0,15.85565199,15.9346340672,15.8161609515,15.885270269,49614927.0
2014-09-02,16.14,16.28,16.06,16.27,58902097.0,0.0,1.0,15.9346340672,16.0728527022,15.85565199,16.0629799426,58902097.0
2014-09-03,16.26,16.28,16.04,16.1,67123351.0,0.05,1.0,16.1029615531,16.1227683939,15.8850863045,15.9445068268,67123351.0
2014-09-04,16.08,16.27,16.04,16.11,55928657.0,0.0,1.0,15.9246999861,16.1128649735,15.8850863045,15.9544102472,55928657.0
2014-09-05,16.045,16.07,15.9,16.01,63290070.0,0.0,1.0,15.8900380147,15.9147965657,15.7464384191,15.8553760433,63290070.0
2014-09-08,16.18,16.37,16.15,16.35,98410561.0,0.0,1.0,16.02373419,16.2118991774,15.9940239288,16.1920923366,98410561.0
2014-09-09,16.24,16.26,16.1,16.14,81729254.0,0.0,1.0,16.0831547123,16.1029615531,15.9445068268,15.9841205084,81729254.0
2014-09-10,16.155,16.4,16.13,16.36,74513646.0,0.0,1.0,15.998975639,16.2416094385,15.974217088,16.201995757,74513646.0
2014-09-11,16.31,16.63,16.3,16.57,106283118.0,0.0,1.0,16.152478655,16.4693881075,16.1425752346,16.4099675851,106283118.0
2014-09-12,16.62,16.83,16.61,16.79,115697367.0,0.0,1.0,16.4594846871,16.6674565153,16.4495812667,16.6278428337,115697367.0
2014-09-15,16.79,16.93,16.62,16.74,86888475.0,0.0,1.0,16.6278428337,16.7664907192,16.4594846871,16.5783257318,86888475.0
2014-09-16,16.68,16.84,16.67,16.71,64514150.0,0.0,1.0,16.5189052094,16.6773599357,16.509001789,16.5486154706,64514150.0
2014-09-17,16.705,16.93,16.68,16.77,77329999.0,0.0,1.0,16.5436637604,16.7664907192,16.5189052094,16.6080359929,77329999.0
2014-09-18,16.89,17.15,16.87,17.04,109428624.0,0.0,1.0,16.7268770376,16.9843659677,16.7070701968,16.8754283434,109428624.0
2014-09-19,17.15,17.17,16.88,16.95,87655527.0,0.0,1.0,16.9843659677,17.0041728085,16.7169736172,16.7862975599,87655527.0
2014-09-22,17.09,17.17,16.99,17.03,108722383.0,0.0,1.0,16.9249454454,17.0041728085,16.8259112415,16.8655249231,108722383.0
2014-09-23,17.055,17.2,17.03,17.05,91299477.0,0.0,1.0,16.890283474,17.0338830697,16.8655249231,16.8853317638,91299477.0
2014-09-24,17.115,17.19,16.97,17.18,85950241.0,0.0,1.0,16.9497039964,17.0239796493,16.8061044007,17.0140762289,85950241.0
2014-09-25,17.16,17.18,16.85,16.85,102173318.0,0.0,1.0,16.9942693881,17.0140762289,16.687263356,16.687263356,102173318.0
2014-09-26,16.92,17.05,16.89,17.03,66468439.0,0.0,1.0,16.7565872988,16.8853317638,16.7268770376,16.8655249231,66468439.0
2014-09-29,16.91,17.05,16.88,17.01,67851553.0,0.0,1.0,16.7466838784,16.8853317638,16.7169736172,16.8457180823,67851553.0
2014-09-30,17.08,17.11,16.97,17.05,81101270.0,0.0,1.0,16.915042025,16.9447522862,16.8061044007,16.8853317638,81101270.0
2014-10-01,17.07,17.09,16.8,16.82,88591997.0,0.0,1.0,16.9051386046,16.9249454454,16.6377462541,16.6575530949,88591997.0
2014-10-03,17.11,17.3,17.06,17.29,108325167.0,0.0,1.0,16.9447522862,17.1329172736,16.8952351842,17.1230138532,108325167.0
2014-10-06,17.37,17.41,17.22,17.29,66055696.0,0.0,1.0,17.2022412163,17.2418548979,17.0536899105,17.1230138532,66055696.0
2014-10-07,17.19,17.2,16.88,16.88,90602643.0,0.0,1.0,17.0239796493,17.0338830697,16.7169736172,16.7169736172,90602643.0
2014-10-08,16.88,17.12,16.72,17.12,100399215.0,0.0,1.0,16.7169736172,16.9546557066,16.558518891,16.9546557066,100399215.0
2014-10-09,17.04,17.11,16.55,16.59,119752127.0,0.0,1.0,16.8754283434,16.9447522862,16.3901607444,16.4297744259,119752127.0
2014-10-10,16.545,16.77,16.36,16.48,128757926.0,0.0,1.0,16.3852090342,16.6080359929,16.201995757,16.3208368016,128757926.0
2014-10-13,16.48,16.67,16.4,16.4,91542565.0,0.0,1.0,16.3208368016,16.509001789,16.2416094385,16.2416094385,91542565.0
2014-10-14,16.5,16.63,16.36,16.52,96306663.0,0.0,1.0,16.3406436424,16.4693881075,16.201995757,16.3604504832,96306663.0
2014-10-15,16.23,16.24,15.43,15.76,215382993.0,0.0,1.0,16.0732512919,16.0831547123,15.2809776608,15.6077905336,215382993.0
2014-10-16,15.56,16.25,15.52,16.08,147283937.0,0.0,1.0,15.4097221258,16.0930581327,15.3701084443,15.9246999861,147283937.0
2014-10-17,16.26,16.41,16.16,16.21,91934143.0,0.0,1.0,16.1029615531,16.2515128589,16.0039273492,16.0534444511,91934143.0
2014-10-20,16.2,16.33,16.16,16.26,76146283.0,0.0,1.0,16.0435410307,16.1722854958,16.0039273492,16.1029615531,76146283.0
2014-10-21,16.43,16.61,16.31,16.6,78178970.0,0.0,1.0,16.2713196997,16.4495812667,16.152478655,16.4396778463,78178970.0
2014-10-22,16.59,16.7,16.37,16.4,85027130.0,0.0,1.0,16.4297744259,16.5387120502,16.2118991774,16.2416094385,85027130.0
2014-10-23,16.58,16.73,16.515,16.6,66730656.0,0.0,1.0,16.4198710055,16.5684223114,16.355498773,16.4396778463,66730656.0
2014-10-24,16.63,16.72,16.56,16.72,41223957.0,0.0,1.0,16.4693881075,16.558518891,16.4000641648,16.558518891,41223957.0
2014-10-27,16.68,16.69,16.5,16.59,51122238.0,0.0,1.0,16.5189052094,16.5288086298,16.3406436424,16.4297744259,51122238.0
2014-10-28,16.63,16.8,16.61,16.8,71382244.0,0.0,1.0,16.4693881075,16.6377462541,16.4495812667,16.6377462541,71382244.0
2014-10-29,16.775,17.02,16.71,16.99,98172406.0,0.0,1.0,16.6129877031,16.8556215027,16.5486154706,16.8259112415,98172406.0
2014-10-30,16.97,17.12,16.84,17.03,72088625.0,0.0,1.0,16.8061044007,16.9546557066,16.6773599357,16.8655249231,72088625.0
2014-10-31,17.17,17.22,17.1,17.16,82330524.0,0.0,1.0,17.0041728085,17.0536899105,16.9348488658,16.9942693881,82330524.0
2014-11-03,17.17,17.35,17.1,17.27,63527714.0,0.0,1.0,17.0041728085,17.1824343755,16.9348488658,17.1032070124,63527714.0
2014-11-04,17.23,17.3,17.02,17.21,53267526.0,0.0,1.0,17.0635933308,17.1329172736,16.8556215027,17.0437864901,53267526.0
2014-11-06,17.34,17.4,17.28,17.36,45809227.0,0.0,1.0,17.1725309551,17.2319514775,17.1131104328,17.1923377959,45809227.0
2014-11-07,17.31,17.38,17.22,17.36,52533501.0,0.0,1.0,17.142820694,17.2121446367,17.0536899105,17.1923377959,52533501.0
2014-11-10,17.36,17.4,17.3,17.37,53542010.0,0.0,1.0,17.1923377959,17.2319514775,17.1329172736,17.2022412163,53542010.0
2014-11-11,17.37,17.46,17.3,17.32,62061900.0,0.0,1.0,17.2022412163,17.2913719998,17.1329172736,17.1527241143,62061900.0
2014-11-12,17.24,17.3,17.07,17.29,48410250.0,0.0,1.0,17.0734967512,17.1329172736,16.9051386046,17.1230138532,48410250.0
2014-11-13,17.285,17.3,17.12,17.22,50401410.0,0.0,1.0,17.118062143,17.1329172736,16.9546557066,17.0536899105,50401410.0
2014-11-14,17.165,17.25,17.1,17.14,40491960.0,0.0,1.0,16.9992210983,17.0834001716,16.9348488658,16.9744625473,40491960.0
2014-11-17,17.06,17.14,16.97,17.09,43261970.0,0.0,1.0,16.8952351842,16.9744625473,16.8061044007,16.9249454454,43261970.0
2014-11-18,17.08,17.22,17.06,17.14,39078520.0,0.0,1.0,16.915042025,17.0536899105,16.8952351842,16.9744625473,39078520.0
2014-11-19,17.14,17.15,17.01,17.06,49054885.0,0.0,1.0,16.9744625473,16.9843659677,16.8457180823,16.8952351842,49054885.0
2014-11-20,16.96,17.01,16.83,17.0,49449864.0,0.0,1.0,16.7962009803,16.8457180823,16.6674565153,16.8358146619,49449864.0
2014-11-21,17.15,17.19,17.06,17.12,62679730.0,0.0,1.0,16.9843659677,17.0239796493,16.8952351842,16.9546557066,62679730.0
2014-11-24,17.16,17.28,17.08,17.18,50627130.0,0.0,1.0,16.9942693881,17.1131104328,16.915042025,17.0140762289,50627130.0
2014-11-25,17.24,17.26,17.08,17.1,44715908.0,0.0,1.0,17.0734967512,17.093303592,16.915042025,16.9348488658,44715908.0
2014-11-26,17.145,17.15,17.04,17.11,27181789.0,0.0,1.0,16.9794142575,16.9843659677,16.8754283434,16.9447522862,27181789.0
2014-11-28,17.09,17.15,17.03,17.04,27833825.0,0.0,1.0,16.9249454454,16.9843659677,16.8655249231,16.8754283434,27833825.0
2014-12-01,16.92,16.94,16.73,16.79,60177034.0,0.0,1.0,16.7565872988,16.7763941396,16.5684223114,16.6278428337,60177034.0
2014-12-02,16.87,17.15,16.86,17.15,62302649.0,0.0,1.0,16.7070701968,16.9843659677,16.6971667764,16.9843659677,62302649.0
2014-12-04,17.22,17.34,17.13,17.21,49381618.0,0.0,1.0,17.0536899105,17.1725309551,16.9645591269,17.0437864901,49381618.0
2014-12-05,17.42,17.71,17.35,17.68,130768259.0,0.0,1.0,17.2517583182,17.5389575095,17.1824343755,17.5092472484,130768259.0
2014-12-09,17.18,17.59,17.17,17.56,95560089.0,0.0,1.0,17.0140762289,17.4201164649,17.0041728085,17.3904062037,95560089.0
2014-12-10,17.47,17.68,17.37,17.38,102041770.0,0.0,1.0,17.3012754202,17.5092472484,17.2022412163,17.2121446367,102041770.0
2014-12-12,17.37,17.45,17.13,17.13,86785804.0,0.0,1.0,17.2022412163,17.2814685794,16.9645591269,16.9645591269,86785804.0
2014-12-15,17.28,17.31,16.76,16.85,99327118.0,0.0,1.0,17.1131104328,17.142820694,16.5981325725,16.687263356,99327118.0
2014-12-16,16.74,17.19,16.59,16.72,94831921.0,0.0,1.0,16.5783257318,17.0239796493,16.4297744259,16.558518891,94831921.0
2014-12-17,16.87,17.27,16.82,17.26,90527286.0,0.0,1.0,16.7070701968,17.1032070124,16.6575530949,17.093303592,90527286.0
2014-12-18,17.465,17.53,17.34,17.53,78736210.0,0.0,1.0,17.29632371,17.3606959425,17.1725309551,17.3606959425,78736210.0
2014-12-19,17.52,17.7,17.49,17.62,104026778.0,0.0,1.0,17.3507925221,17.5290540891,17.321082261,17.449826726,104026778.0
2014-12-22,17.65,17.73,17.55,17.71,70434693.0,0.0,1.0,17.4795369872,17.5587643503,17.3805027833,17.5389575095,70434693.0
2014-12-23,17.83,17.99,17.78,17.93,93998490.0,0.0,1.0,17.6577985542,17.8162532804,17.6082814523,17.7568327581,93998490.0
2014-12-24,17.975,18.1,17.92,17.98,35088514.0,0.0,1.0,17.8013981498,17.9251909047,17.7469293377,17.80634986,35088514.0
2014-12-26,18.01,18.05,17.95,17.98,25588551.0,0.0,1.0,17.8360601212,17.8756738028,17.7766395989,17.80634986,25588551.0
2014-12-31,18.19,18.21,17.89,17.89,57521044.0,0.0,1.0,18.0143216882,18.034128529,17.7172190765,17.7172190765,57521044.0
2015-01-02,17.98,18.03,17.6801,17.9,48806762.0,0.0,1.0,17.80634986,17.855866962,17.5093462826,17.7271224969,48806762.0
2015-01-05,17.79,17.81,17.29,17.38,105249297.0,0.0,1.0,17.6181848726,17.6379917134,17.1230138532,17.2121446367,105249297.0
2015-01-06,17.42,17.44,16.78,16.86,144617191.0,0.0,1.0,17.2517583182,17.271565159,16.6179394133,16.6971667764,144617191.0
2015-01-08,17.17,17.34,17.1,17.29,72667539.0,0.0,1.0,17.0041728085,17.1725309551,16.9348488658,17.1230138532,72667539.0
2015-01-12,17.025,17.03,16.66,16.68,92035073.0,0.0,1.0,16.8605732129,16.8655249231,16.4990983686,16.5189052094,92035073.0
2015-01-13,16.81,16.89,16.32,16.45,100529706.0,0.0,1.0,16.6476496745,16.7268770376,16.1623820754,16.2911265405,100529706.0
2015-01-14,16.0,16.215,15.77,16.04,163749006.0,0.0,1.0,15.845472623,16.0583961613,15.617693954,15.8850863045,163749006.0
2015-01-15,15.59,15.76,15.15,15.2,192393485.0,0.0,1.0,15.439432387,15.6077905336,15.0036818899,15.0531989918,192393485.0
2015-01-20,15.59,15.63,15.2,15.26,122837550.0,0.0,1.0,15.439432387,15.4790460685,15.0531989918,15.1126195141,122837550.0
2015-01-21,15.27,15.57,15.15,15.41,100276807.0,0.0,1.0,15.1225229345,15.4196255462,15.0036818899,15.26117082,100276807.0
2015-01-22,15.55,16.19,15.43,16.09,181759900.0,0.0,1.0,15.3998187054,16.0336376104,15.2809776608,15.9346034065,181759900.0
2015-01-23,16.04,16.19,15.73,15.73,102799200.0,0.0,1.0,15.8850863045,16.0336376104,15.5780802724,15.5780802724,102799200.0
2015-01-26,15.72,15.93,15.7,15.85,69907280.0,0.0,1.0,15.5681768521,15.7761486802,15.5483700113,15.6969213171,69907280.0
2015-01-28,15.72,15.73,15.18,15.2,104666961.0,0.0,1.0,15.5681768521,15.5780802724,15.033392151,15.0531989918,104666961.0
2015-01-29,15.3,15.49,15.2,15.43,75694493.0,0.0,1.0,15.1522331957,15.3403981831,15.0531989918,15.2809776608,75694493.0
2015-01-30,15.23,15.47,15.15,15.15,99313553.0,0.0,1.0,15.082909253,15.3205913423,15.0036818899,15.0036818899,99313553.0
2015-02-02,15.27,15.49,15.12,15.46,100990173.0,0.0,1.0,15.1225229345,15.3403981831,14.9739716287,15.3106879219,100990173.0
2015-02-03,15.63,15.93,15.61,15.89,104847771.0,0.0,1.0,15.4790460685,15.7761486802,15.4592392278,15.7365349987,104847771.0
2015-02-04,15.79,16.0,15.75,15.79,83145178.0,0.0,1.0,15.6375007948,15.845472623,15.5978871132,15.6375007948,83145178.0
2015-02-09,16.35,16.5,16.25,16.35,78303134.0,0.0,1.0,16.1920923366,16.3406436424,16.0930581327,16.1920923366,78303134.0
2015-02-10,16.57,16.62,16.35,16.42,82738688.0,0.0,1.0,16.4099675851,16.4594846871,16.1920923366,16.2614162793,82738688.0
2015-02-11,16.31,16.45,16.21,16.36,87334236.0,0.0,1.0,16.152478655,16.2911265405,16.0534444511,16.201995757,87334236.0
2015-02-12,16.43,16.73,16.37,16.67,116318047.0,0.0,1.0,16.2713196997,16.5684223114,16.2118991774,16.509001789,116318047.0
2015-02-13,16.73,16.79,16.54,16.61,93334995.0,0.0,1.0,16.5684223114,16.6278428337,16.380257324,16.4495812667,93334995.0
2015-02-17,16.525,16.68,16.37,16.63,92367573.0,0.0,1.0,16.3654021934,16.5189052094,16.2118991774,16.4693881075,92367573.0
2015-02-18,16.55,16.56,16.24,16.3,80160077.0,0.0,1.0,16.3901607444,16.4000641648,16.0831547123,16.1425752346,80160077.0
2015-02-19,16.205,16.38,16.08,16.21,75595866.0,0.0,1.0,16.0484927409,16.2218025977,15.9246999861,16.0534444511,75595866.0
2015-02-20,16.13,16.43,16.01,16.38,89180412.0,0.0,1.0,15.974217088,16.2713196997,15.8553760433,16.2218025977,89180412.0
2015-02-23,16.31,16.32,16.1,16.2,70973173.0,0.0,1.0,16.152478655,16.1623820754,15.9445068268,16.0435410307,70973173.0
2015-02-24,16.27,16.55,16.25,16.38,74020960.0,0.0,1.0,16.1128649735,16.3901607444,16.0930581327,16.2218025977,74020960.0
2015-02-25,16.37,16.5,16.32,16.49,56863680.0,0.0,1.0,16.2118991774,16.3406436424,16.1623820754,16.330740222,56863680.0
2015-02-26,16.42,16.44,15.9,16.04,160856200.0,0.0,1.0,16.2614162793,16.2812231201,15.7464384191,15.8850863045,160856200.0
2015-02-27,15.78,15.88,15.62,15.81,130260900.0,0.0,1.0,15.6275973744,15.7266315783,15.4691426482,15.6573076356,130260900.0
2015-03-02,15.79,16.03,15.715,16.01,71318140.0,0.0,1.0,15.6375007948,15.8751828841,15.5632251419,15.8553760433,71318140.0
2015-03-03,16.03,16.15,15.96,16.04,65539320.0,0.0,1.0,15.8751828841,15.9940239288,15.8058589414,15.8850863045,65539320.0
2015-03-04,15.96,15.98,15.76,15.84,77910850.0,0.0,1.0,15.8058589414,15.8256657822,15.6077905336,15.6870178967,77910850.0
2015-03-05,15.92,16.03,15.745,16.0,69509958.0,0.0,1.0,15.7662452598,15.8751828841,15.592935403,15.845472623,69509958.0
2015-03-06,16.41,16.62,16.16,16.22,163207226.0,0.0,1.0,16.2515128589,16.4594846871,16.0039273492,16.0633478715,163207226.0
2015-03-09,16.31,16.33,16.12,16.17,72912722.0,0.0,1.0,16.152478655,16.1722854958,15.9643136676,16.0138307696,72912722.0
2015-03-10,16.04,16.13,15.79,15.79,85633552.0,0.0,1.0,15.8850863045,15.974217088,15.6375007948,15.6375007948,85633552.0
2015-03-11,15.92,16.16,15.87,16.11,85531260.0,0.0,1.0,15.7662452598,16.0039273492,15.7167281579,15.9544102472,85531260.0
2015-03-12,16.05,16.21,15.9,16.09,124889113.0,0.0,1.0,15.8949897249,16.0534444511,15.7464384191,15.9346034065,124889113.0
2015-03-13,16.08,16.15,15.94,16.09,79215292.0,0.0,1.0,15.9246999861,15.9940239288,15.7860521006,15.9346034065,79215292.0
2015-03-16,16.11,16.22,15.85,16.13,62610503.0,0.0,1.0,15.9544102472,16.0633478715,15.6969213171,15.974217088,62610503.0
2015-03-17,16.07,16.12,15.96,16.09,58180678.0,0.0,1.0,15.9147965657,15.9643136676,15.8058589414,15.9346034065,58180678.0
2015-03-18,16.01,16.1,15.91,15.98,85516206.0,0.0,1.0,15.8553760433,15.9445068268,15.7563418394,15.8256657822,85516206.0
2015-03-19,15.96,15.97,15.61,15.61,107998039.0,0.0,1.0,15.8058589414,15.8157623618,15.4592392278,15.4592392278,107998039.0
2015-03-20,15.695,15.93,15.64,15.84,98062178.0,0.0,1.0,15.5434183011,15.7761486802,15.4889494889,15.6870178967,98062178.0
2015-03-23,15.82,15.88,15.72,15.72,55833128.0,0.0,1.0,15.6672110559,15.7266315783,15.5681768521,15.5681768521,55833128.0
2015-03-24,15.73,15.8,15.61,15.61,75612773.0,0.0,1.0,15.5780802724,15.6474042152,15.4592392278,15.4592392278,75612773.0
2015-03-25,15.63,15.65,15.4,15.41,87288743.0,0.0,1.0,15.4790460685,15.4988529093,15.2512673996,15.26117082,87288743.0
2015-03-26,15.385,15.54,15.26,15.42,75273474.0,0.0,1.0,15.236412269,15.389915285,15.1126195141,15.2710742404,75273474.0
2015-03-27,15.48,15.49,15.27,15.31,72669500.0,0.0,1.0,15.3304947627,15.3403981831,15.1225229345,15.1621366161,72669500.0
2015-03-30,15.42,15.61,15.4,15.52,70475986.0,0.0,1.0,15.2710742404,15.4592392278,15.2512673996,15.3701084443,70475986.0
2015-03-31,15.5,15.52,15.38,15.39,60912970.0,0.0,1.0,15.3503016035,15.3701084443,15.2314605588,15.2413639792,60912970.0
2015-04-01,15.42,15.46,15.25,15.41,72673725.0,0.0,1.0,15.2710742404,15.3106879219,15.1027160938,15.26117082,72673725.0
2015-04-02,15.43,15.62,15.43,15.54,49854188.0,0.0,1.0,15.2809776608,15.4691426482,15.2809776608,15.389915285,49854188.0
2015-04-06,15.39,15.6,15.34,15.51,50801194.0,0.0,1.0,15.2413639792,15.4493358074,15.1918468773,15.3602050239,50801194.0
2015-04-07,15.53,15.65,15.45,15.46,49229913.0,0.0,1.0,15.3800118647,15.4988529093,15.3007845015,15.3106879219,49229913.0
2015-04-08,15.51,15.74,15.5,15.61,71208003.0,0.0,1.0,15.3602050239,15.5879836928,15.3503016035,15.4592392278,71208003.0
2015-04-09,15.63,15.76,15.53,15.71,44629021.0,0.0,1.0,15.4790460685,15.6077905336,15.3800118647,15.5582734317,44629021.0
2015-04-10,15.69,15.79,15.6,15.72,43457826.0,0.0,1.0,15.5384665909,15.6375007948,15.4493358074,15.5681768521,43457826.0
2015-04-13,15.78,15.86,15.74,15.8,48193356.0,0.0,1.0,15.6275973744,15.7068247375,15.5879836928,15.6474042152,48193356.0
2015-04-14,15.88,15.95,15.71,15.82,82823570.0,0.0,1.0,15.7266315783,15.795955521,15.5582734317,15.6672110559,82823570.0
2015-04-15,15.7,15.85,15.59,15.64,123311164.0,0.0,1.0,15.5483700113,15.6969213171,15.439432387,15.4889494889,123311164.0
2015-04-16,15.64,15.94,15.58,15.79,104387811.0,0.0,1.0,15.4889494889,15.7860521006,15.4295289666,15.6375007948,104387811.0
2015-04-17,15.71,15.75,15.5,15.56,88461350.0,0.0,1.0,15.5582734317,15.5978871132,15.3503016035,15.4097221258,88461350.0
2015-04-20,15.62,15.69,15.56,15.57,53430262.0,0.0,1.0,15.4691426482,15.5384665909,15.4097221258,15.4196255462,53430262.0
2015-04-21,15.6,15.64,15.43,15.5,63403097.0,0.0,1.0,15.4493358074,15.4889494889,15.2809776608,15.3503016035,63403097.0
2015-04-22,15.55,15.83,15.49,15.74,72909792.0,0.0,1.0,15.3998187054,15.6771144763,15.3403981831,15.5879836928,72909792.0
2015-04-23,15.72,15.8,15.68,15.69,50111427.0,0.0,1.0,15.5681768521,15.6474042152,15.5285631705,15.5384665909,50111427.0
2015-04-24,15.71,15.75,15.61,15.64,40424365.0,0.0,1.0,15.5582734317,15.5978871132,15.4592392278,15.4889494889,40424365.0
2015-04-27,15.63,15.76,15.56,15.56,52663239.0,0.0,1.0,15.4790460685,15.6077905336,15.4097221258,15.4097221258,52663239.0
2015-04-28,15.58,15.71,15.5,15.65,57379042.0,0.0,1.0,15.4295289666,15.5582734317,15.3503016035,15.4988529093,57379042.0
2015-04-29,15.6,16.04,15.57,15.98,123731648.0,0.0,1.0,15.4493358074,15.8850863045,15.4196255462,15.8256657822,123731648.0
2015-04-30,16.0,16.05,15.7949,15.93,76878403.0,0.0,1.0,15.845472623,15.8949897249,15.6423534708,15.7761486802,76878403.0
2015-05-01,16.0,16.15,15.92,16.11,77700466.0,0.0,1.0,15.845472623,15.9940239288,15.7662452598,15.9544102472,77700466.0
2015-05-04,16.14,16.45,16.12,16.44,76504381.0,0.0,1.0,15.9841205084,16.2911265405,15.9643136676,16.2812231201,76504381.0
2015-05-05,16.42,16.61,16.33,16.35,106053204.0,0.0,1.0,16.2614162793,16.4495812667,16.1722854958,16.1920923366,106053204.0
2015-05-06,16.36,16.49,16.08,16.29,96396889.0,0.0,1.0,16.201995757,16.330740222,15.9246999861,16.1326718142,96396889.0
2015-05-07,16.23,16.33,16.09,16.24,73740256.0,0.0,1.0,16.0732512919,16.1722854958,15.9346034065,16.0831547123,73740256.0
2015-05-08,16.32,16.46,16.22,16.45,86321384.0,0.0,1.0,16.1623820754,16.3010299609,16.0633478715,16.2911265405,86321384.0
2015-05-11,16.45,16.59,16.43,16.49,56185501.0,0.0,1.0,16.2911265405,16.4297744259,16.2713196997,16.330740222,56185501.0
2015-05-12,16.46,16.48,16.35,16.43,59589310.0,0.0,1.0,16.3010299609,16.3208368016,16.1920923366,16.2713196997,59589310.0
2015-05-13,16.44,16.52,16.36,16.47,46711746.0,0.0,1.0,16.2812231201,16.3604504832,16.201995757,16.3109333813,46711746.0
2015-05-14,16.53,16.59,16.45,16.52,55380166.0,0.0,1.0,16.3703539036,16.4297744259,16.2911265405,16.3604504832,55380166.0
2015-05-15,16.52,16.52,16.3,16.35,54315172.0,0.0,1.0,16.3604504832,16.3604504832,16.1425752346,16.1920923366,54315172.0
2015-05-18,16.31,16.54,16.31,16.51,50531154.0,0.0,1.0,16.152478655,16.380257324,16.152478655,16.3505470628,50531154.0
2015-05-19,16.59,16.78,16.58,16.77,88083709.0,0.0,1.0,16.4297744259,16.6179394133,16.4198710055,16.6080359929,88083709.0
2015-05-20,16.78,16.85,16.63,16.74,67134867.0,0.0,1.0,16.6179394133,16.687263356,16.4693881075,16.5783257318,67134867.0
2015-05-21,16.71,16.75,16.56,16.73,51808941.0,0.0,1.0,16.5486154706,16.5882291522,16.4000641648,16.5684223114,51808941.0
2015-05-22,16.72,16.8,16.705,16.75,46183161.0,0.0,1.0,16.558518891,16.6377462541,16.5436637604,16.5882291522,46183161.0
2015-05-26,16.73,16.73,16.43,16.5,74908263.0,0.0,1.0,16.5684223114,16.5684223114,16.2713196997,16.3406436424,74908263.0
2015-05-27,16.56,16.75,16.54,16.74,69430101.0,0.0,1.0,16.4000641648,16.5882291522,16.380257324,16.5783257318,69430101.0
2015-05-28,16.72,16.73,16.58,16.67,60303433.0,0.0,1.0,16.558518891,16.5684223114,16.4198710055,16.509001789,60303433.0
2015-05-29,16.66,16.67,16.47,16.5,55953075.0,0.0,1.0,16.4990983686,16.509001789,16.3109333813,16.3406436424,55953075.0
2015-06-01,16.58,16.64,16.47,16.55,62235720.0,0.0,1.0,16.4198710055,16.4792915279,16.3109333813,16.3901607444,62235720.0
2015-06-02,16.52,16.76,16.5,16.72,65124807.0,0.0,1.0,16.3604504832,16.5981325725,16.3406436424,16.558518891,65124807.0
2015-06-03,16.79,17.02,16.74,16.93,89030434.0,0.0,1.0,16.6278428337,16.8556215027,16.5783257318,16.7664907192,89030434.0
2015-06-04,16.87,16.98,16.72,16.78,59735661.0,0.0,1.0,16.7070701968,16.8160078211,16.558518891,16.6179394133,59735661.0
2015-06-05,17.04,17.35,16.965,17.19,118482878.0,0.0,1.0,16.8754283434,17.1824343755,16.8011526905,17.0239796493,118482878.0
2015-06-08,17.27,17.33,17.05,17.08,67740635.0,0.0,1.0,17.1032070124,17.1626275347,16.8853317638,16.915042025,67740635.0
2015-06-09,17.05,17.35,17.0,17.31,82104858.0,0.0,1.0,16.8853317638,17.1824343755,16.8358146619,17.142820694,82104858.0
2015-06-10,17.39,17.62,17.36,17.59,102643147.0,0.0,1.0,17.2220480571,17.449826726,17.1923377959,17.4201164649,102643147.0
2015-06-11,17.62,17.675,17.44,17.49,77191527.0,0.0,1.0,17.449826726,17.5042955382,17.271565159,17.321082261,77191527.0
2015-06-12,17.45,17.58,17.36,17.49,53149442.0,0.0,1.0,17.2814685794,17.4102130445,17.1923377959,17.321082261,53149442.0
2015-06-15,17.33,17.5,17.25,17.47,67534165.0,0.0,1.0,17.1626275347,17.3309856814,17.0834001716,17.3012754202,67534165.0
2015-06-16,17.46,17.5599,17.37,17.55,47150572.0,0.0,1.0,17.2913719998,17.3903071695,17.2022412163,17.3805027833,47150572.0
2015-06-17,17.59,17.595,17.3,17.37,88431651.0,0.0,1.0,17.4201164649,17.4250681751,17.1329172736,17.2022412163,88431651.0
2015-06-18,17.35,17.4,17.22,17.38,97311866.0,0.0,1.0,17.1824343755,17.2319514775,17.0536899105,17.2121446367,97311866.0
2015-06-19,17.28,17.39,17.12,17.17,80128155.0,0.0,1.0,17.1131104328,17.2220480571,16.9546557066,17.0041728085,80128155.0
2015-06-22,17.36,17.53,17.35,17.47,57679545.0,0.0,1.0,17.1923377959,17.3606959425,17.1824343755,17.3012754202,57679545.0
2015-06-23,17.56,17.72,17.56,17.67,63712212.0,0.0,1.0,17.3904062037,17.5488609299,17.3904062037,17.499343828,63712212.0
2015-06-24,17.53,17.69,17.45,17.49,58745055.0,0.0,1.0,17.3606959425,17.5191506688,17.2814685794,17.321082261,58745055.0
2015-06-25,17.57,17.62,17.35,17.37,59476728.0,0.0,1.0,17.4003096241,17.449826726,17.1824343755,17.2022412163,59476728.0
2015-06-26,17.48,17.52,17.35,17.4,45444536.0,0.0,1.0,17.3111788406,17.3507925221,17.1824343755,17.2319514775,45444536.0
2015-06-29,17.13,17.25,16.86,16.89,97231962.0,0.0,1.0,16.9645591269,17.0834001716,16.6971667764,16.7268770376,97231962.0
2015-06-30,17.08,17.13,16.85,17.06,68025873.0,0.0,1.0,16.915042025,16.9645591269,16.687263356,16.8952351842,68025873.0
2015-07-01,17.25,17.31,17.09,17.22,61278687.0,0.0,1.0,17.0834001716,17.142820694,16.9249454454,17.0536899105,61278687.0
2015-07-02,17.16,17.21,16.89,17.03,64318774.0,0.0,1.0,16.9942693881,17.0437864901,16.7268770376,16.8655249231,64318774.0
2015-07-06,16.78,17.01,16.71,16.94,58230933.0,0.0,1.0,16.6179394133,16.8457180823,16.5486154706,16.7763941396,58230933.0
2015-07-07,16.9,16.93,16.34,16.69,114850067.0,0.0,1.0,16.736780458,16.7664907192,16.1821889162,16.5288086298,114850067.0
2015-07-08,16.42,16.5,16.22,16.25,81729898.0,0.0,1.0,16.2614162793,16.3406436424,16.0633478715,16.0930581327,81729898.0
2015-07-09,16.53,16.72,16.45,16.48,80643763.0,0.0,1.0,16.3703539036,16.558518891,16.2911265405,16.3208368016,80643763.0
2015-07-10,16.795,16.84,16.66,16.7,58902347.0,0.0,1.0,16.6327945439,16.6773599357,16.4990983686,16.5387120502,58902347.0
2015-07-14,16.93,17.15,16.86,17.13,66992149.0,0.0,1.0,16.7664907192,16.9843659677,16.6971667764,16.9645591269,66992149.0
2015-07-15,17.53,17.85,17.49,17.68,172665364.0,0.0,1.0,17.3606959425,17.677605395,17.321082261,17.5092472484,172665364.0
2015-07-16,17.91,18.07,18.07,17.95,116692588.0,0.0,1.0,17.7370259173,17.8954806435,17.8954806435,17.7766395989,116692588.0
2015-07-17,17.96,18.16,17.89,18.1,95508275.0,0.0,1.0,17.7865430193,17.9846114271,17.7172190765,17.9251909047,95508275.0
2015-07-20,18.15,18.23,18.08,18.12,70897828.0,0.0,1.0,17.9747080067,18.0539353698,17.9053840639,17.9449977455,70897828.0
2015-07-21,18.11,18.17,18.02,18.08,62696358.0,0.0,1.0,17.9350943251,17.9945148474,17.8459635416,17.9053840639,62696358.0
2015-07-22,18.03,18.48,18.03,18.45,108492769.0,0.0,1.0,17.855866962,18.3015208795,17.855866962,18.2718106183,108492769.0
2015-07-23,18.39,18.43,18.08,18.18,102874436.0,0.0,1.0,18.212390096,18.2520037776,17.9053840639,18.0044182678,102874436.0
2015-07-24,18.2,18.23,17.84,17.9,84058783.0,0.0,1.0,18.0242251086,18.0539353698,17.6677019746,17.7271224969,84058783.0
2015-07-27,17.66,17.78,17.5,17.67,91230750.0,0.0,1.0,17.4894404076,17.6082814523,17.3309856814,17.499343828,91230750.0
2015-07-28,17.79,17.89,17.6,17.88,81914722.0,0.0,1.0,17.6181848726,17.7172190765,17.4300198852,17.7073156562,81914722.0
2015-07-29,17.95,18.2,17.92,18.16,89663730.0,0.0,1.0,17.7766395989,18.0242251086,17.7469293377,17.9846114271,89663730.0
2015-07-30,18.2,18.29,18.05,18.13,65068404.0,0.0,1.0,18.0242251086,18.1133558921,17.8756738028,17.9549011659,65068404.0
2015-07-31,18.03,18.06,17.86,17.88,66016849.0,0.0,1.0,17.855866962,17.8855772232,17.6875088154,17.7073156562,66016849.0
2015-08-03,17.91,17.965,17.64,17.77,62107009.0,0.0,1.0,17.7370259173,17.7914947295,17.4696335668,17.5983780319,62107009.0
2015-08-04,17.79,17.93,17.71,17.8,69557402.0,0.0,1.0,17.6181848726,17.7568327581,17.5389575095,17.628088293,69557402.0
2015-08-05,17.93,18.045,17.8,17.87,65044706.0,0.0,1.0,17.7568327581,17.8707220926,17.628088293,17.6974122358,65044706.0
2015-08-06,17.91,17.975,17.77,17.81,47496657.0,0.0,1.0,17.7370259173,17.8013981498,17.5983780319,17.6379917134,47496657.0
2015-08-07,17.92,18.07,17.6,17.75,70791144.0,0.0,1.0,17.7469293377,17.8954806435,17.4300198852,17.5785711911,70791144.0
2015-08-10,17.87,18.05,17.86,18.04,65574678.0,0.0,1.0,17.6974122358,17.8756738028,17.6875088154,17.8657703824,65574678.0
2015-08-11,17.85,17.97,17.72,17.79,65590555.0,0.0,1.0,17.677605395,17.7964464397,17.5488609299,17.6181848726,65590555.0
2015-08-12,17.62,17.645,17.02,17.52,141600115.0,0.0,1.0,17.449826726,17.474585277,16.8556215027,17.3507925221,141600115.0
2015-08-13,17.56,17.69,17.44,17.62,67040890.0,0.0,1.0,17.3904062037,17.5191506688,17.271565159,17.449826726,67040890.0
2015-08-14,17.57,17.7,17.54,17.7,52591932.0,0.0,1.0,17.4003096241,17.5290540891,17.3705993629,17.5290540891,52591932.0
2015-08-17,17.61,17.81,17.56,17.77,42154525.0,0.0,1.0,17.4399233056,17.6379917134,17.3904062037,17.5983780319,42154525.0
2015-08-18,17.72,17.9,17.65,17.69,50233152.0,0.0,1.0,17.5488609299,17.7271224969,17.4795369872,17.5191506688,50233152.0
2015-08-19,17.55,17.69,17.44,17.46,78179138.0,0.0,1.0,17.3805027833,17.5191506688,17.271565159,17.2913719998,78179138.0
2015-08-20,17.19,17.2,16.72,16.72,148464484.0,0.0,1.0,17.0239796493,17.0338830697,16.558518891,16.558518891,148464484.0
2015-08-21,16.195,16.66,16.1,16.1,147829150.0,0.0,1.0,16.0385893205,16.4990983686,15.9445068268,15.9445068268,147829150.0
2015-08-24,15.02,15.98,14.6,15.45,198422898.0,0.0,1.0,14.8749374248,15.8256657822,14.4589937684,15.3007845015,198422898.0
2015-08-25,16.2,16.205,15.25,15.26,192265344.0,0.0,1.0,16.0435410307,16.0484927409,15.1027160938,15.1126195141,192265344.0
2015-08-26,15.81,16.06,15.335,16.06,166039973.0,0.0,1.0,15.6573076356,15.9048931453,15.1868951671,15.9048931453,166039973.0
2015-08-27,16.36,16.45,16.09,16.44,122676258.0,0.0,1.0,16.201995757,16.2911265405,15.9346034065,16.2812231201,122676258.0
2015-08-28,16.4,16.44,16.2,16.36,75481355.0,0.0,1.0,16.2416094385,16.2812231201,16.0435410307,16.201995757,75481355.0
2015-08-31,16.33,16.375,16.18,16.34,66685093.0,0.0,1.0,16.1722854958,16.2168508876,16.02373419,16.1821889162,66685093.0
2015-09-01,15.95,16.05,15.46,15.58,118407962.0,0.0,1.0,15.795955521,15.8949897249,15.3106879219,15.4295289666,118407962.0
2015-09-02,15.81,15.86,15.57,15.85,74382444.0,0.05,1.0,15.7066997732,15.7563730805,15.4682678981,15.7464384191,74382444.0
2015-09-03,15.97,16.1899,15.87,15.94,76501796.0,0.0,1.0,15.8656543566,16.0841175622,15.766307742,15.8358503722,76501796.0
2015-09-04,15.79,15.86,15.5,15.65,103994159.0,0.0,1.0,15.6868304503,15.7563730805,15.3987252679,15.5477451898,103994159.0
2015-09-08,15.96,16.16,15.9,16.16,73221254.0,0.0,1.0,15.8557196952,16.0544129244,15.7961117264,16.0544129244,73221254.0
2015-09-09,16.37,16.46,15.83,15.9,70466139.0,0.0,1.0,16.2630408151,16.3524527683,15.7265690961,15.7961117264,70466139.0
2015-09-10,15.87,16.11,15.81,16.04,71085643.0,0.0,1.0,15.766307742,16.0047396171,15.7066997732,15.9351969869,71085643.0
2015-09-11,15.99,16.06,15.9,16.04,54275460.0,0.0,1.0,15.8855236795,15.9550663098,15.7961117264,15.9351969869,54275460.0
2015-09-14,15.97,16.07,15.9,15.96,50300046.0,0.0,1.0,15.8656543566,15.9650009712,15.7961117264,15.8557196952,50300046.0
2015-09-15,16.04,16.39,16.0101,16.31,61441476.0,0.0,1.0,15.9351969869,16.2829101381,15.9054923491,16.2034328464,61441476.0
2015-09-16,16.35,16.39,16.09,16.33,82103077.0,0.0,1.0,16.2431714922,16.2829101381,15.9848702942,16.2233021693,82103077.0
2015-09-17,16.29,16.48,15.78,15.86,116177454.0,0.0,1.0,16.1835635234,16.3723220912,15.6768957888,15.7563730805,116177454.0
2015-09-18,15.68,15.71,15.5,15.56,135287319.0,0.0,1.0,15.5775491742,15.6073531586,15.3987252679,15.4583332366,135287319.0
2015-09-21,15.67,15.75,15.57,15.7,60335272.0,0.0,1.0,15.5676145127,15.6470918044,15.4682678981,15.5974184971,60335272.0
2015-09-22,15.49,15.58,15.45,15.57,91345790.0,0.0,1.0,15.3887906064,15.4782025596,15.3490519605,15.4682678981,91345790.0
2015-09-23,15.6,15.85,15.58,15.72,77240298.0,0.0,1.0,15.4980718825,15.7464384191,15.4782025596,15.61728782,77240298.0
2015-09-24,15.535,15.62,15.4,15.55,97752767.0,0.0,1.0,15.433496583,15.5179412054,15.2993786532,15.4483985752,97752767.0
2015-09-25,15.88,16.02,15.81,15.89,88260041.0,0.0,1.0,15.7762424034,15.9153276639,15.7066997732,15.7861770649,88260041.0
2015-09-28,15.79,15.82,15.38,15.47,86826540.0,0.0,1.0,15.6868304503,15.7166344347,15.2795093303,15.3689212835,86826540.0
2015-09-29,15.5,15.53,15.25,15.35,79094298.0,0.0,1.0,15.3987252679,15.4285292522,15.1503587313,15.2497053459,79094298.0
2015-09-30,15.55,15.6,15.32,15.58,71074169.0,0.0,1.0,15.4483985752,15.4980718825,15.2199013615,15.4782025596,71074169.0
2015-10-01,15.52,15.64,15.36,15.55,71101066.0,0.0,1.0,15.4185945908,15.5378105283,15.2596400074,15.4483985752,71101066.0
2015-10-02,15.08,15.38,14.63,15.38,181351378.0,0.0,1.0,14.9814694864,15.2795093303,14.5344097206,15.2795093303,181351378.0
2015-10-05,15.45,15.79,15.44,15.69,74775017.0,0.0,1.0,15.3490519605,15.6868304503,15.3391172991,15.5874838357,74775017.0
2015-10-06,15.68,15.82,15.57,15.69,66919142.0,0.0,1.0,15.5775491742,15.7166344347,15.4682678981,15.5874838357,66919142.0
2015-10-07,15.78,15.93,15.57,15.75,66655569.0,0.0,1.0,15.6768957888,15.8259157108,15.4682678981,15.6470918044,66655569.0
2015-10-08,15.72,15.78,15.51,15.75,78960468.0,0.0,1.0,15.61728782,15.6768957888,15.4086599293,15.6470918044,78960468.0
2015-10-09,15.75,15.82,15.5,15.58,76303375.0,0.0,1.0,15.6470918044,15.7166344347,15.3987252679,15.4782025596,76303375.0
2015-10-12,15.6,15.62,15.43,15.52,50725777.0,0.0,1.0,15.4980718825,15.5179412054,15.3291826376,15.4185945908,50725777.0
2015-10-13,15.45,15.59,15.4,15.52,72827971.0,0.0,1.0,15.3490519605,15.488137221,15.2993786532,15.4185945908,72827971.0
2015-10-14,15.77,15.92,15.55,15.64,121288230.0,0.0,1.0,15.6669611274,15.8159810493,15.4483985752,15.5378105283,121288230.0
2015-10-15,15.81,16.28,15.72,16.19,126140035.0,0.0,1.0,15.7066997732,16.173628862,15.61728782,16.0842169088,126140035.0
2015-10-16,16.285,16.29,16.03,16.12,66791032.0,0.0,1.0,16.1785961927,16.1835635234,15.9252623254,16.0146742786,66791032.0
2015-10-19,16.0,16.21,15.98,16.14,57941812.0,0.0,1.0,15.895458341,16.1040862317,15.8755890181,16.0345436015,57941812.0
2015-10-20,16.16,16.29,16.1,16.2,50692619.0,0.0,1.0,16.0544129244,16.1835635234,15.9948049556,16.0941515703,50692619.0
2015-10-21,16.26,16.29,15.9,15.9,64440428.0,0.0,1.0,16.153759539,16.1835635234,15.7961117264,15.7961117264,64440428.0
2015-10-22,16.0,16.2,15.995,16.16,73688737.0,0.0,1.0,15.895458341,16.0941515703,15.8904910103,16.0544129244,73688737.0
2015-10-23,16.29,16.55,16.25,16.52,82062329.0,0.0,1.0,16.1835635234,16.4418647215,16.1438248776,16.4120607371,82062329.0
2015-10-26,16.52,16.55,16.34,16.51,64744646.0,0.0,1.0,16.4120607371,16.4418647215,16.2332368308,16.4021260756,64744646.0
2015-10-27,16.4,16.47,16.3,16.4,55829352.0,0.0,1.0,16.2928447995,16.3623874298,16.1934981849,16.2928447995,55829352.0
2015-10-28,16.45,17.31,16.445,17.28,146133085.0,0.0,1.0,16.3425181068,17.1968989927,16.3375507761,17.1670950083,146133085.0
2015-10-29,17.16,17.44,16.97,17.09,94716596.0,0.0,1.0,17.0478790707,17.3260495917,16.8591205029,16.9783364405,94716596.0
2015-10-30,17.18,17.18,16.76,16.78,82908939.0,0.0,1.0,17.0677483937,17.0677483937,16.6504926122,16.6703619351,82908939.0
2015-11-02,16.9,17.14,16.87,17.06,56719442.0,0.0,1.0,16.7895778727,17.0280097478,16.7597738883,16.9485324561,56719442.0
2015-11-03,17.01,17.26,16.99,17.18,64536298.0,0.0,1.0,16.8988591488,17.1472256854,16.8789898259,17.0677483937,64536298.0
2015-11-04,17.3,17.31,16.96,17.01,78551477.0,0.0,1.0,17.1869643312,17.1968989927,16.8491858415,16.8988591488,78551477.0
2015-11-05,17.03,17.37,17.03,17.31,84848846.0,0.0,1.0,16.9187284717,17.2565069615,16.9187284717,17.1968989927,84848846.0
2015-11-06,17.84,18.09,17.76,17.95,156401409.0,0.0,1.0,17.7234360502,17.9718025868,17.6439587585,17.8327173263,156401409.0
2015-11-09,18.03,18.08,17.56,17.68,129511964.0,0.0,1.0,17.912194618,17.9618679253,17.4452655293,17.5644814668,129511964.0
2015-11-10,17.63,17.94,17.56,17.85,58552625.0,0.0,1.0,17.5148081595,17.8227826649,17.4452655293,17.7333707117,58552625.0
2015-11-11,17.99,17.99,17.68,17.75,58852928.0,0.0,1.0,17.8724559722,17.8724559722,17.5644814668,17.6340240971,58852928.0
2015-11-12,17.58,17.63,17.35,17.37,75357080.0,0.0,1.0,17.4651348522,17.5148081595,17.2366376385,17.2565069615,75357080.0
2015-11-13,17.13,17.31,17.09,17.2,101641024.0,0.0,1.0,17.0180750863,17.1968989927,16.9783364405,17.0876177166,101641024.0
2015-11-16,17.13,17.46,17.01,17.43,68157218.0,0.0,1.0,17.0180750863,17.3459189146,16.8988591488,17.3161149302,68157218.0
2015-11-17,17.5,17.6,17.34,17.42,66925547.0,0.0,1.0,17.3856575605,17.4850041751,17.2267029771,17.3061802688,66925547.0
2015-11-18,17.43,17.87,17.43,17.84,84477817.0,0.0,1.0,17.3161149302,17.7532400346,17.3161149302,17.7234360502,84477817.0
2015-11-19,17.78,17.85,17.62,17.69,51387631.0,0.0,1.0,17.6638280814,17.7333707117,17.504873498,17.5744161283,51387631.0
2015-11-20,17.81,17.8326,17.59,17.65,56069175.0,0.0,1.0,17.6936320658,17.7160844007,17.4750695136,17.5346774824,56069175.0
2015-11-23,17.62,17.73,17.46,17.47,50055746.0,0.0,1.0,17.504873498,17.6141547741,17.3459189146,17.3558535761,50055746.0
2015-11-24,17.26,17.57,17.25,17.47,57803690.0,0.0,1.0,17.1472256854,17.4552001907,17.1372910239,17.3558535761,57803690.0
2015-11-25,17.51,17.57,17.41,17.44,34755223.0,0.0,1.0,17.3955922219,17.4552001907,17.2962456073,17.3260495917,34755223.0
2015-11-27,17.46,17.5,17.33,17.48,22935528.0,0.0,1.0,17.3459189146,17.3856575605,17.2167683156,17.3657882375,22935528.0
2015-11-30,17.48,17.58,17.42,17.43,58355122.0,0.0,1.0,17.3657882375,17.4651348522,17.3061802688,17.3161149302,58355122.0
2015-12-01,17.52,17.81,17.48,17.81,74117772.0,0.0,1.0,17.4055268834,17.6936320658,17.3657882375,17.6936320658,74117772.0
2015-12-02,17.88,17.89,17.55,17.62,76573371.0,0.05,1.0,17.8135809807,17.8235438336,17.4848068351,17.5545468053,76573371.0
2015-12-03,17.68,17.765,17.25,17.3,94953450.0,0.0,1.0,17.6143239227,17.6990081724,17.1859212481,17.2357355126,94953450.0
2015-12-04,17.44,17.83,17.38,17.8,101753108.0,0.0,1.0,17.3752154532,17.7637667162,17.3154383358,17.7338781575,101753108.0
2015-12-07,17.79,17.8,17.44,17.54,81047940.0,0.0,1.0,17.7239153046,17.7338781575,17.3752154532,17.4748439822,81047940.0
2015-12-08,17.39,17.459,17.13,17.19,84385695.0,0.0,1.0,17.3254011887,17.3941448737,17.0663670134,17.1261441308,84385695.0
2015-12-09,17.11,17.38,16.87,17.1,80057301.0,0.0,1.0,17.0464413076,17.3154383358,16.807332838,17.0364784547,80057301.0
2015-12-10,17.15,17.41,16.96,17.2,68303958.0,0.0,1.0,17.0862927192,17.3453268945,16.8969985141,17.1361069837,68303958.0
2015-12-11,16.97,17.06,16.64,16.73,90913610.0,0.0,1.0,16.906961367,16.9966270431,16.5781872214,16.6678528975,90913610.0
2015-12-14,16.76,16.89,16.495,16.8,119452111.0,0.0,1.0,16.6977414562,16.8272585438,16.4337258544,16.7375928678,119452111.0
2015-12-15,17.02,17.49,16.99,17.42,99289605.0,0.0,1.0,16.9567756315,17.4250297177,16.9268870728,17.3552897474,99289605.0
2015-12-16,17.65,17.78,17.23,17.75,168648275.0,0.0,1.0,17.584435364,17.7139524517,17.1659955423,17.684063893,168648275.0
2015-12-17,17.8,17.83,17.3,17.3,91266556.0,0.0,1.0,17.7338781575,17.7637667162,17.2357355126,17.2357355126,91266556.0
2015-12-18,17.19,17.265,16.76,16.76,133617764.0,0.0,1.0,17.1261441308,17.2008655275,16.6977414562,16.6977414562,133617764.0
2015-12-21,16.98,17.0299,16.77,16.97,64496275.0,0.0,1.0,16.9169242199,16.9666388559,16.7077043091,16.906961367,64496275.0
2015-12-22,17.05,17.11,16.85,17.08,55928442.0,0.0,1.0,16.9866641902,17.0464413076,16.7874071322,17.0165527489,55928442.0
2015-12-23,17.16,17.34,17.095,17.34,57312862.0,0.0,1.0,17.0962555721,17.2755869242,17.0314970282,17.2755869242,57312862.0
2015-12-24,17.32,17.38,17.22,17.27,29369415.0,0.0,1.0,17.2556612184,17.3154383358,17.1560326895,17.2058469539,29369415.0
2015-12-28,17.22,17.23,16.98,17.13,41281691.0,0.0,1.0,17.1560326895,17.1659955423,16.9169242199,17.0663670134,41281691.0
2015-12-29,17.25,17.35,17.16,17.28,45560314.0,0.0,1.0,17.1859212481,17.2855497771,17.0962555721,17.2158098068,45560314.0
2015-12-30,17.2,17.24,17.04,17.05,34910374.0,0.0,1.0,17.1361069837,17.1759583952,16.9767013373,16.9866641902,34910374.0
2015-12-31,17.01,17.07,16.83,16.83,46594337.0,0.0,1.0,16.9468127786,17.006589896,16.7674814264,16.7674814264,46594337.0
2016-01-04,16.45,16.49,16.25,16.43,113868924.0,0.0,1.0,16.3888930163,16.4287444279,16.1896359584,16.3689673106,113868924.0
2016-01-05,16.52,16.59,16.23,16.43,66297294.0,0.0,1.0,16.4586329866,16.5283729569,16.1697102526,16.3689673106,66297294.0
2016-01-06,16.19,16.29,16.02,16.08,83736454.0,0.0,1.0,16.129858841,16.22948737,15.9604903418,16.0202674591,83736454.0
2016-01-07,15.73,15.9,15.44,15.5,116188238.0,0.0,1.0,15.6715676077,15.840936107,15.3826448737,15.4424219911,116188238.0
2016-01-08,15.94,15.94,15.16,15.2,116659428.0,0.0,1.0,15.8807875186,15.8807875186,15.1036849926,15.1435364042,116659428.0
2016-01-11,15.26,15.37,14.94,15.31,104379907.0,0.0,1.0,15.2033135215,15.3129049034,14.8845022288,15.253127786,104379907.0
2016-01-12,15.54,15.58,15.06,15.31,98556627.0,0.0,1.0,15.4822734027,15.5221248143,15.0040564636,15.253127786,98556627.0
2016-01-13,15.47,15.52,14.85,14.9,118654516.0,0.0,1.0,15.4125334324,15.4623476969,14.7948365527,14.8446508172,118654516.0
2016-01-14,15.01,15.2,14.65,14.99,125143755.0,0.0,1.0,14.9542421991,15.1435364042,14.5955794948,14.9343164933,125143755.0
2016-01-15,14.41,14.66,14.13,14.46,170939347.0,0.0,1.0,14.3564710253,14.6055423477,14.0775111441,14.4062852897,170939347.0
2016-01-19,14.69,14.79,14.01,14.24,184392244.0,0.0,1.0,14.6354309064,14.7350594354,13.9579569094,14.187102526,184392244.0
2016-01-20,13.79,14.0,13.27,13.69,248711752.0,0.0,1.0,13.7387741456,13.9479940565,13.2207057949,13.6391456166,248711752.0
2016-01-21,13.67,13.84,13.25,13.36,188162018.0,0.0,1.0,13.6192199108,13.7885884101,13.2007800892,13.310371471,188162018.0
2016-01-22,13.65,13.72,13.47,13.56,169031820.0,0.0,1.0,13.5992942051,13.6690341753,13.4199628529,13.509628529,169031820.0
2016-01-25,13.54,13.55,12.94,12.96,185511494.0,0.0,1.0,13.4897028232,13.4996656761,12.8919316493,12.9118573551,185511494.0
2016-01-26,13.07,13.35,13.04,13.31,123553314.0,0.0,1.0,13.021448737,13.3004086181,12.9915601783,13.2605572065,123553314.0
2016-01-27,13.2,13.73,13.19,13.36,122001519.0,0.0,1.0,13.1509658247,13.6789970282,13.1410029718,13.310371471,122001519.0
2016-01-28,13.59,13.705,13.26,13.53,110415525.0,0.0,1.0,13.5395170877,13.654089896,13.2107429421,13.4797399703,110415525.0
2016-01-29,13.66,14.15,13.59,14.14,155988497.0,0.0,1.0,13.6092570579,14.0974368499,13.5395170877,14.087473997,155988497.0
2016-02-01,14.05,14.09,13.8,13.96,105084062.0,0.0,1.0,13.997808321,14.0376597325,13.7487369985,13.9081426449,105084062.0
2016-02-02,13.74,13.745,13.13,13.23,146035423.0,0.0,1.0,13.6889598811,13.6939413076,13.0812258544,13.1808543834,146035423.0
2016-02-03,13.28,13.29,12.52,13.03,256731105.0,0.0,1.0,13.2306686478,13.2406315007,12.4734918276,12.9815973254,256731105.0
2016-02-04,12.89,13.59,12.885,13.25,174899230.0,0.0,1.0,12.8421173848,13.5395170877,12.8371359584,13.2007800892,174899230.0
2016-02-05,13.32,13.3898,12.89,12.95,121338440.0,0.0,1.0,13.2705200594,13.3400607727,12.8421173848,12.9018945022,121338440.0
2016-02-08,12.67,12.7,12.13,12.27,210649924.0,0.0,1.0,12.6229346211,12.6528231798,12.0849405646,12.2244205052,210649924.0
2016-02-09,11.99,12.43,11.96,12.2,246411161.0,0.0,1.0,11.9454606241,12.3838261516,11.9155720654,12.1546805349,246411161.0
2016-02-10,12.42,12.54,11.91,11.98,214441336.0,0.0,1.0,12.3738632987,12.4934175334,11.8657578009,11.9354977712,214441336.0
2016-02-11,11.46,11.55,10.99,11.16,368961355.0,0.0,1.0,11.4174294205,11.5070950966,10.9491753343,11.1185438336,368961355.0
2016-02-12,11.48,12.03,11.4,11.95,240105772.0,0.0,1.0,11.4373551263,11.9853120357,11.3576523031,11.9056092125,240105772.0
2016-02-16,12.38,12.39,12.11,12.25,190999340.0,0.0,1.0,12.3340118871,12.34397474,12.0650148588,12.2044947994,190999340.0
2016-02-17,12.57,12.69,12.47,12.56,213372688.0,0.0,1.0,12.5233060921,12.6428603269,12.4236775632,12.5133432392,213372688.0
2016-02-18,12.71,12.74,12.1,12.24,160310249.0,0.0,1.0,12.6627860327,12.6926745914,12.0550520059,12.1945319465,160310249.0
2016-02-19,12.22,12.24,11.98,12.13,120319756.0,0.0,1.0,12.1746062407,12.1945319465,11.9354977712,12.0849405646,120319756.0
2016-02-22,12.38,12.54,12.36,12.54,87790753.0,0.0,1.0,12.3340118871,12.4934175334,12.3140861813,12.4934175334,87790753.0
2016-02-23,12.47,12.475,12.1,12.16,103900947.0,0.0,1.0,12.4236775632,12.4286589896,12.0550520059,12.1148291233,103900947.0
2016-02-24,11.96,12.15,11.65,12.13,155217219.0,0.0,1.0,11.9155720654,12.1048662704,11.6067236256,12.0849405646,155217219.0
2016-02-25,12.14,12.33,12.09,12.32,102848869.0,0.0,1.0,12.0949034175,12.2841976226,12.045089153,12.2742347697,102848869.0
2016-02-26,12.49,12.95,12.4,12.7,159884542.0,0.0,1.0,12.4436032689,12.9018945022,12.3539375929,12.6528231798,159884542.0
2016-02-29,12.7,12.86,12.51,12.52,121796932.0,0.0,1.0,12.6528231798,12.8122288262,12.4635289747,12.4734918276,121796932.0
2016-03-01,12.64,13.21,12.62,13.19,152867543.0,0.0,1.0,12.5930460624,13.1609286776,12.5731203566,13.1410029718,152867543.0
2016-03-02,13.2,13.51,13.13,13.41,138756774.0,0.05,1.0,13.2,13.51,13.13,13.41,138756774.0
2016-03-03,13.38,13.55,13.25,13.5,104572096.0,0.0,1.0,13.38,13.55,13.25,13.5,104572096.0
2016-03-04,13.76,13.89,13.49,13.54,170377601.0,0.0,1.0,13.76,13.89,13.49,13.54,170377601.0
2016-03-07,13.45,13.62,13.37,13.53,97155232.0,0.0,1.0,13.45,13.62,13.37,13.53,97155232.0
2016-03-08,13.4,13.465,13.05,13.06,124883295.0,0.0,1.0,13.4,13.465,13.05,13.06,124883295.0
2016-03-09,13.17,13.27,13.0,13.14,91714877.0,0.0,1.0,13.17,13.27,13.0,13.14,91714877.0
2016-03-11,13.44,13.84,13.37,13.79,116651304.0,0.0,1.0,13.44,13.84,13.37,13.79,116651304.0
2016-03-14,13.72,13.74,13.49,13.64,87470911.0,0.0,1.0,13.72,13.74,13.49,13.64,87470911.0
2016-03-15,13.51,13.6,13.39,13.57,79897710.0,0.0,1.0,13.51,13.6,13.39,13.57,79897710.0
2016-03-16,13.51,13.81,13.09,13.31,148489118.0,0.0,1.0,13.51,13.81,13.09,13.31,148489118.0
2016-03-17,13.22,13.475,13.05,13.4,122129018.0,0.0,1.0,13.22,13.475,13.05,13.4,122129018.0
2016-03-18,13.68,13.88,13.55,13.79,146530926.0,0.0,1.0,13.68,13.88,13.55,13.79,146530926.0
2016-03-21,13.8,14.03,13.72,13.84,104633493.0,0.0,1.0,13.8,14.03,13.72,13.84,104633493.0
2016-03-22,13.67,13.84,13.63,13.76,83196383.0,0.0,1.0,13.67,13.84,13.63,13.76,83196383.0
2016-03-23,13.77,13.83,13.6,13.62,95747961.0,0.0,1.0,13.77,13.83,13.6,13.62,95747961.0
2016-03-24,13.41,13.69,13.27,13.68,94548541.0,0.0,1.0,13.41,13.69,13.27,13.68,94548541.0
2016-03-28,13.73,13.74,13.54,13.62,53894914.0,0.0,1.0,13.73,13.74,13.54,13.62,53894914.0
2016-03-29,13.54,13.54,13.26,13.42,100934675.0,0.0,1.0,13.54,13.54,13.26,13.42,100934675.0
2016-03-30,13.49,13.66,13.46,13.48,85666081.0,0.0,1.0,13.49,13.66,13.46,13.48,85666081.0
2016-03-31,13.49,13.71,13.45,13.52,78735083.0,0.0,1.0,13.49,13.71,13.45,13.52,78735083.0
2016-04-01,13.47,13.65,13.32,13.56,72591186.0,0.0,1.0,13.47,13.65,13.32,13.56,72591186.0
2016-04-04,13.54,13.65,13.41,13.51,59304654.0,0.0,1.0,13.54,13.65,13.41,13.51,59304654.0
2016-04-05,13.3,13.34,13.16,13.19,77915120.0,0.0,1.0,13.3,13.34,13.16,13.19,77915120.0
2016-04-06,13.2,13.3,13.11,13.27,62146621.0,0.0,1.0,13.2,13.3,13.11,13.27,62146621.0
2016-04-07,13.15,13.205,12.75,12.85,104520930.0,0.0,1.0,13.15,13.205,12.75,12.85,104520930.0
2016-04-08,13.03,13.14,12.86,12.88,76254143.0,0.0,1.0,13.03,13.14,12.86,12.88,76254143.0
2016-04-11,12.92,13.09,12.88,12.97,79071963.0,0.0,1.0,12.92,13.09,12.88,12.97,79071963.0
2016-04-12,13.0,13.33,12.93,13.27,97788651.0,0.0,1.0,13.0,13.33,12.93,13.27,97788651.0
2016-04-13,13.55,13.85,13.53,13.79,135563105.0,0.0,1.0,13.55,13.85,13.53,13.79,135563105.0
2016-04-14,13.71,14.28,13.7,14.14,178637215.0,0.0,1.0,13.71,14.28,13.7,14.14,178637215.0
2016-04-15,14.27,14.29,13.95,14.0,87080735.0,0.0,1.0,14.27,14.29,13.95,14.0,87080735.0
2016-04-18,13.85,14.24,13.82,14.17,80257447.0,0.0,1.0,13.85,14.24,13.82,14.17,80257447.0
2016-04-19,14.26,14.54,14.24,14.45,101249848.0,0.0,1.0,14.26,14.54,14.24,14.45,101249848.0
2016-04-20,14.56,14.94,14.53,14.93,109067236.0,0.0,1.0,14.56,14.94,14.53,14.93,109067236.0
2016-04-21,14.98,15.135,14.75,14.9,119544378.0,0.0,1.0,14.98,15.135,14.75,14.9,119544378.0
2016-04-22,14.865,15.14,14.865,15.11,80379330.0,0.0,1.0,14.865,15.14,14.865,15.11,80379330.0
2016-04-25,15.02,15.14,14.81,14.96,69359467.0,0.0,1.0,15.02,15.14,14.81,14.96,69359467.0
2016-04-26,15.02,15.14,14.8,15.09,84552035.0,0.0,1.0,15.02,15.14,14.8,15.09,84552035.0
2016-04-27,15.02,15.3,14.98,15.02,115753717.0,0.0,1.0,15.02,15.3,14.98,15.02,115753717.0
2016-04-28,14.92,15.08,14.76,14.79,76756815.0,0.0,1.0,14.92,15.08,14.76,14.79,76756815.0
2016-04-29,14.73,14.85,14.43,14.56,121051567.0,0.0,1.0,14.73,14.85,14.43,14.56,121051567.0
2016-05-02,14.58,14.78,14.4,14.77,68770365.0,0.0,1.0,14.58,14.78,14.4,14.77,68770365.0
2016-05-03,14.51,14.51,14.15,14.36,106508261.0,0.0,1.0,14.51,14.51,14.15,14.36,106508261.0
2016-05-04,14.09,14.27,14.0,14.13,98492739.0,0.0,1.0,14.09,14.27,14.0,14.13,98492739.0
2016-05-05,14.15,14.32,14.0,14.05,72784577.0,0.0,1.0,14.15,14.32,14.0,14.05,72784577.0
2016-05-06,13.83,14.14,13.8,14.11,76151993.0,0.0,1.0,13.83,14.14,13.8,14.11,76151993.0
2016-05-09,14.08,14.19,13.91,13.99,54881645.0,0.0,1.0,14.08,14.19,13.91,13.99,54881645.0
2016-05-10,14.08,14.33,14.05,14.3,58663130.0,0.0,1.0,14.08,14.33,14.05,14.3,58663130.0
2016-05-11,14.25,14.5,14.19,14.2,59328803.0,0.0,1.0,14.25,14.5,14.19,14.2,59328803.0
2016-05-12,14.3,14.47,14.05,14.14,72061357.0,0.0,1.0,14.3,14.47,14.05,14.14,72061357.0
2016-05-13,14.15,14.37,13.87,13.88,85803462.0,0.0,1.0,14.15,14.37,13.87,13.88,85803462.0
2016-05-16,13.82,14.02,13.8,13.93,57564670.0,0.0,1.0,13.82,14.02,13.8,13.93,57564670.0
2016-05-17,13.89,14.13,13.82,14.01,75204761.0,0.0,1.0,13.89,14.13,13.82,14.01,75204761.0
2016-05-18,14.02,14.75,14.01,14.69,150748470.0,0.0,1.0,14.02,14.75,14.01,14.69,150748470.0
2016-05-19,14.595,14.865,14.43,14.53,105373809.0,0.0,1.0,14.595,14.865,14.43,14.53,105373809.0
2016-05-20,14.64,14.7,14.43,14.52,78286515.0,0.0,1.0,14.64,14.7,14.43,14.52,78286515.0
2016-05-23,14.54,14.6,14.4,14.47,66095965.0,0.0,1.0,14.54,14.6,14.4,14.47,66095965.0
2016-05-24,14.6,14.75,14.53,14.68,93737322.0,0.0,1.0,14.6,14.75,14.53,14.68,93737322.0
2016-05-25,14.83,15.15,14.83,14.92,123375813.0,0.0,1.0,14.83,15.15,14.83,14.92,123375813.0
2016-05-26,14.98,14.99,14.69,14.7,64432555.0,0.0,1.0,14.98,14.99,14.69,14.7,64432555.0
2016-05-27,14.76,14.88,14.69,14.88,62222470.0,0.0,1.0,14.76,14.88,14.69,14.88,62222470.0
